judgment_id,annotation_round,annotator,query_id,query,intent_definition,split,query_family,query_type,doc_id,store_name,item_text,market_name,market_type,source_region,relevance,uncertain,annotator_note
7c14f03d7bc0255ca277,supplement_v1,A,q_수선_01,바지 기장 줄이는 곳,생활서비스 중 '수선'을 판매·제공하는 매장,test,수선,T5 서비스,00c164d0-76c7-4e7a-9676-ecfdbb052077,크린토피아신창점,세탁,신창수문 골목형상점가,골목형상점가,광주광역시,0,,
8d7890891c7a07986451,supplement_v1,A,q_수선_01,바지 기장 줄이는 곳,생활서비스 중 '수선'을 판매·제공하는 매장,test,수선,T5 서비스,07c7bbfa-f618-4749-b50f-d0d4470bde0e,닥터백,가방수선,송도 타임스페이스 골목형상점가,골목형상점가,인천광역시,0,,
69d2c979d2e0d3ea174b,supplement_v1,A,q_수선_01,바지 기장 줄이는 곳,생활서비스 중 '수선'을 판매·제공하는 매장,test,수선,T5 서비스,065818da-a7dd-48ea-8b1f-6be5ef379330,크린토피아,세탁,강산상가대박 골목형상점가,골목형상점가,대구광역시,0,,
fc5c9ad2553a8d90634f,supplement_v1,A,q_수선_01,바지 기장 줄이는 곳,생활서비스 중 '수선'을 판매·제공하는 매장,test,수선,T5 서비스,129b93d4-7470-4d0b-8464-d443079947ac,지수네 수선,수선,㈜여수서시장,전통시장,전라남도,3,,
435e00628fdd4d7e8a69,supplement_v1,A,q_수선_01,바지 기장 줄이는 곳,생활서비스 중 '수선'을 판매·제공하는 매장,test,수선,T5 서비스,023923b8-1217-420d-94da-1dbed6318c95,두올수선,옷수선,부평대아지하상점가,일반지하상점가,인천광역시,3,,
cf3575fb98b0426f2e8d,supplement_v1,A,q_수선_01,바지 기장 줄이는 곳,생활서비스 중 '수선'을 판매·제공하는 매장,test,수선,T5 서비스,60d1c586-795b-4ec8-8c40-49093c96318c,하늘홈패션,"이불, 홈패션, 수선, 리폼",하양시장 상점가,자율상권구역,경상북도,1,,
531ffae443ef0dae23d3,supplement_v1,A,q_수선_01,바지 기장 줄이는 곳,생활서비스 중 '수선'을 판매·제공하는 매장,test,수선,T5 서비스,0abb712e-4566-4cb5-b852-209e3804d0d2,유명한 명품옷수선,옷수선,대구 삼익 골목형상점가,골목형상점가,대구광역시,3,,
b1383889b6fe291af95d,supplement_v1,A,q_수선_01,바지 기장 줄이는 곳,생활서비스 중 '수선'을 판매·제공하는 매장,test,수선,T5 서비스,05e6b9e7-3971-4a4f-b541-26089f913728,민지의상실,수선,제천중앙시장,전통시장,충청북도,3,,
5c726ee395721f845f96,supplement_v1,A,q_수선_01,바지 기장 줄이는 곳,생활서비스 중 '수선'을 판매·제공하는 매장,test,수선,T5 서비스,064e6c32-12df-4ccf-a57f-b2cf3ddf78a0,세광컴퓨터 세탁,"세탁, 맞춤, 점포",억지춘향시장(구 봉화춘향시장),전통시장,경상북도,0,,
75a4e87bff11b4539852,supplement_v1,A,q_수선_01,바지 기장 줄이는 곳,생활서비스 중 '수선'을 판매·제공하는 매장,test,수선,T5 서비스,05291547-c22d-430e-95c2-e31bda19a90a,슈퍼타이 본점,세탁,월드시티상가 골목형상점가,골목형상점가,울산광역시,1,,
558bb7ce415b639e0330,supplement_v1,A,q_수선_01,바지 기장 줄이는 곳,생활서비스 중 '수선'을 판매·제공하는 매장,test,수선,T5 서비스,02e9f347-f744-4604-8f20-7f6f5a19f688,나래주단,한복수선,마산 부림시장,전통시장,경상남도,2,,
b240181f31554306d6ee,supplement_v1,A,q_수선_01,바지 기장 줄이는 곳,생활서비스 중 '수선'을 판매·제공하는 매장,test,수선,T5 서비스,014602ec-34d6-41db-98d1-f7941ce5c2da,밝은 세탁,수선,노대물빛근린공원 골목형상점가,골목형상점가,광주광역시,3,,
77bb5c1265fd45e4aaca,supplement_v1,A,q_수선_01,바지 기장 줄이는 곳,생활서비스 중 '수선'을 판매·제공하는 매장,test,수선,T5 서비스,05ff04e7-b24b-45bb-afe5-cc682fa9bbdd,샘머리세탁소,세탁,샘머리 골목형상점가,골목형상점가,대전광역시,0,,
f3b9a3a023a93ba9415d,supplement_v1,A,q_수선_01,바지 기장 줄이는 곳,생활서비스 중 '수선'을 판매·제공하는 매장,test,수선,T5 서비스,019c9868-92c6-4e25-b2ea-903f322c9acf,맡겨봐신발세탁,세탁,임동 골목형상점가,골목형상점가,광주광역시,0,,
f471a7222da1b592addb,supplement_v1,A,q_수선_01,바지 기장 줄이는 곳,생활서비스 중 '수선'을 판매·제공하는 매장,test,수선,T5 서비스,02db4104-b701-453b-a7ef-cf0c3014ffde,광명디자인,수선,서문시장아진상가,전통시장,대구광역시,1,,
40a1a7974dbbf21ef995,supplement_v1,A,q_수선_01,바지 기장 줄이는 곳,생활서비스 중 '수선'을 판매·제공하는 매장,test,수선,T5 서비스,ab389d1d-4b68-457f-9b95-c6acc760ab99,이엠오 리폼하우스,"리폼, 수선",은마종합상점가,자율상권구역,서울특별시,3,,
79f7a4fd19a67f850966,supplement_v1,A,q_수선_01,바지 기장 줄이는 곳,생활서비스 중 '수선'을 판매·제공하는 매장,test,수선,T5 서비스,0abf7133-96be-4502-91e7-2343b50d3bd9,정희옷수선,수선,울진시장(울진바지게시장),전통시장,경상북도,3,,
703d36a54fc44f80ae80,supplement_v1,A,q_수선_01,바지 기장 줄이는 곳,생활서비스 중 '수선'을 판매·제공하는 매장,test,수선,T5 서비스,ffb1ed25-ea76-405c-a9d7-6269c761e1f6,뜨꼬바꼬,"의류수선, 리폼",성서중심시장(성서시장문화의거리 통합),전통시장,충청북도,3,,
d94575ce8335db83c85b,supplement_v1,A,q_수선_01,바지 기장 줄이는 곳,생활서비스 중 '수선'을 판매·제공하는 매장,test,수선,T5 서비스,063da78c-47d6-4cd4-a052-a7da91852460,아브라함세탁수선,"세탁, 수선",춘천서부시장,전통시장,강원특별자치도,3,,
5832e9c0be1928edf29e,supplement_v1,A,q_수선_01,바지 기장 줄이는 곳,생활서비스 중 '수선'을 판매·제공하는 매장,test,수선,T5 서비스,053dde67-ebdc-40c5-81d1-cc6c4ea3e621,백조세탁소,서비스(세탁),군포당동로시장상점가,골목형상점가,경기도,0,,
248895c9fec7184c720f,supplement_v1,A,q_수선_01,바지 기장 줄이는 곳,생활서비스 중 '수선'을 판매·제공하는 매장,test,수선,T5 서비스,05ceaf94-c8e1-4ec6-9148-be979dc3614f,달인옷수선,수선,양산 덕계종합상설시장,전통시장,경상남도,3,,
5e404e3273e425463d46,supplement_v1,A,q_수선_01,바지 기장 줄이는 곳,생활서비스 중 '수선'을 판매·제공하는 매장,test,수선,T5 서비스,0a4ab3f2-c8fd-4f62-ac24-72d3117c6c01,와이드앵글 안산한대점,의복,안산패션타운전통시장,전통시장,경기도,3,,
8eb9b1739c5bb1a1456a,supplement_v1,A,q_수선_01,바지 기장 줄이는 곳,생활서비스 중 '수선'을 판매·제공하는 매장,test,수선,T5 서비스,033fc658-a256-42a6-8ebf-24763bc43ba1,신광컴퓨터세탁소,세탁소,대야 골목형상점가,골목형상점가,전북특별자치도,0,,
3e12ff1064fe3e49039a,supplement_v1,A,q_수선_01,바지 기장 줄이는 곳,생활서비스 중 '수선'을 판매·제공하는 매장,test,수선,T5 서비스,0ebba57c-54b9-4530-ad89-93df4cc60bff,명품모피수선,옷리폼,쌍문역둘리상점가,자율상권구역,서울특별시,2,,
92031394d1055eac5047,supplement_v1,A,q_수선_01,바지 기장 줄이는 곳,생활서비스 중 '수선'을 판매·제공하는 매장,test,수선,T5 서비스,04b72003-9f02-4f69-8c8a-b8610de9c50f,로제비앙크리닝,세탁업,무등산그린웰로제비앙 골목형상점가,골목형상점가,광주광역시,0,,
a5f3f48167afb10f117f,supplement_v1,A,q_수선_01,바지 기장 줄이는 곳,생활서비스 중 '수선'을 판매·제공하는 매장,test,수선,T5 서비스,096e476e-2c92-41b9-8c65-7ae9880d1b4f,언니옷수선,옷수선서비스,하남 골목형상점가,골목형상점가,광주광역시,3,,
6af7dea01b7cd8343626,supplement_v1,A,q_수선_01,바지 기장 줄이는 곳,생활서비스 중 '수선'을 판매·제공하는 매장,test,수선,T5 서비스,02851047-7760-4cdb-b811-74f6dff245bd,에덴의상실,수선,돈암시장,전통시장,서울특별시,3,,
dace007a5a9b45ada37c,supplement_v1,A,q_수선_01,바지 기장 줄이는 곳,생활서비스 중 '수선'을 판매·제공하는 매장,test,수선,T5 서비스,fb658bf3-4414-45e1-aeb5-33bbbb972f41,리품홀릭,서비스업(의류리폼),도리섬상점가,자율상권구역,경기도,3,,
38fd669830a802b3f0fd,supplement_v1,A,q_수선_01,바지 기장 줄이는 곳,생활서비스 중 '수선'을 판매·제공하는 매장,test,수선,T5 서비스,08f8f583-f7f7-4a3f-8b32-a7b6fffe7adf,진주옷수선,수선,가좌시장,전통시장,인천광역시,3,,
687adb0ae05775100cda,supplement_v1,A,q_수선_01,바지 기장 줄이는 곳,생활서비스 중 '수선'을 판매·제공하는 매장,test,수선,T5 서비스,0304511e-62e7-4e31-8d19-61a115ffaa76,깔롱쟁이,의복,봉선1로 골목형상점가,골목형상점가,광주광역시,0,,
c7458a01542f568b19f4,supplement_v1,A,q_수선_01,바지 기장 줄이는 곳,생활서비스 중 '수선'을 판매·제공하는 매장,test,수선,T5 서비스,00083664-fb4e-4e3b-bb0a-d9a0a1e8f87f,롯데세탁소,,와룡로 골목형상점가,골목형상점가,전북특별자치도,0,,
56a0de0074e3e776bb86,supplement_v1,A,q_수선_01,바지 기장 줄이는 곳,생활서비스 중 '수선'을 판매·제공하는 매장,test,수선,T5 서비스,d3fa756e-f01a-4d79-ac07-36e9fa1f3adf,공진잡화,액자 매트리스커버 메모리폼베게 과일,청하시장,전통시장,경상북도,0,,
9b4d1c00eadff7fe5828,supplement_v1,A,q_수선_01,바지 기장 줄이는 곳,생활서비스 중 '수선'을 판매·제공하는 매장,test,수선,T5 서비스,073860e4-273d-4646-962a-af2bec311f2b,준어패럴,의복,우이골목시장골목형상점가,골목형상점가,서울특별시,0,,
b6e41dcfe11aef8f1976,supplement_v1,A,q_수선_01,바지 기장 줄이는 곳,생활서비스 중 '수선'을 판매·제공하는 매장,test,수선,T5 서비스,14154d5b-eb99-4044-ada9-c244de1b0ea4,보금자리,수선,강릉중앙시장,전통시장,강원특별자치도,2,,
e23c0d8af1d16488b8b8,supplement_v1,A,q_수선_01,바지 기장 줄이는 곳,생활서비스 중 '수선'을 판매·제공하는 매장,test,수선,T5 서비스,00fc2b18-ffa0-45b1-b03a-af61257944a9,충일구두수선,구두수선,충주무학시장,전통시장,충청북도,0,,
e07010f208d1ab896a53,supplement_v1,A,q_수선_01,바지 기장 줄이는 곳,생활서비스 중 '수선'을 판매·제공하는 매장,test,수선,T5 서비스,00128db8-b700-42b3-be50-1760b6c08487,자이세탁,의류세탁,신봉하나로 골목형상점가,골목형상점가,경기도,0,,
04de615239fa1c5782b6,supplement_v1,A,q_수선_01,바지 기장 줄이는 곳,생활서비스 중 '수선'을 판매·제공하는 매장,test,수선,T5 서비스,0d1dab07-5f1d-4483-afb9-3f251c739f4d,리본리폼하우스,,잠실 장미종합상가 골목형상점가,골목형상점가,서울특별시,3,,
e3968823e299d19fc71a,supplement_v1,A,q_수선_01,바지 기장 줄이는 곳,생활서비스 중 '수선'을 판매·제공하는 매장,test,수선,T5 서비스,03a58cd8-1705-4bf2-8be7-3a160d1c25df,중앙수선,의복수선,중앙도매시장,전통시장,대전광역시,3,,
471eb7e165a6839ac178,supplement_v1,A,q_수선_01,바지 기장 줄이는 곳,생활서비스 중 '수선'을 판매·제공하는 매장,test,수선,T5 서비스,1268a3e6-9816-4841-94c0-bd1a1a7b1e46,현옷수선,수선,안산시시민시장,전통시장,경기도,3,,
df2d1558e576c6e47336,supplement_v1,A,q_수선_01,바지 기장 줄이는 곳,생활서비스 중 '수선'을 판매·제공하는 매장,test,수선,T5 서비스,036f4505-c9fc-4f3c-836f-ffd7889a6c4a,그린의상실,여성의류 옷수선,양양로 골목형상점가,골목형상점가,강원특별자치도,3,,
6173787d874c36120d26,supplement_v1,A,q_수선_01,바지 기장 줄이는 곳,생활서비스 중 '수선'을 판매·제공하는 매장,test,수선,T5 서비스,007c84b4-7b91-431f-9cf2-61f2ac4a13b4,빛나크리닝,세탁업,삼각동 골목형상점가,골목형상점가,광주광역시,0,,
0316edcae020ca3e7513,supplement_v1,A,q_수선_01,바지 기장 줄이는 곳,생활서비스 중 '수선'을 판매·제공하는 매장,test,수선,T5 서비스,e26ccf7b-8ce8-461d-aa2a-311532c2ffe3,작은공간,"수선, 리폼판매",원마루시장,전통시장,충청북도,2,,
86630992ff6ef6b7a608,supplement_v1,A,q_수선_01,바지 기장 줄이는 곳,생활서비스 중 '수선'을 판매·제공하는 매장,test,수선,T5 서비스,098e36b0-1cfb-4ee0-957d-4f1328cc9d1d,국제라사,수선,상주왕산상점가,자율상권구역,경상북도,3,,
4bb44ff055d2143c8682,supplement_v1,A,q_수선_01,바지 기장 줄이는 곳,생활서비스 중 '수선'을 판매·제공하는 매장,test,수선,T5 서비스,08f58836-6f38-4955-b9ef-68c139043fc1,구제천국,의복,창녕 남지시장,전통시장,경상남도,1,,
7cb783fe3ebc02f12721,supplement_v1,A,q_수선_01,바지 기장 줄이는 곳,생활서비스 중 '수선'을 판매·제공하는 매장,test,수선,T5 서비스,0b8a5d29-fbc4-48a7-b409-618c5729a8f6,못난이수선,수선,역전지하상가,일반지하상점가,대전광역시,3,,
3d15b192a65dbf9a83c2,supplement_v1,A,q_수선_01,바지 기장 줄이는 곳,생활서비스 중 '수선'을 판매·제공하는 매장,test,수선,T5 서비스,05f91c51-7ac1-4010-a54e-a461a3b4bb4c,크린토피아 병점중앙점,가저용 세탁업,병점중심상가,자율상권구역,경기도,0,,
fcb63afec61d1b43acb7,supplement_v1,A,q_수선_01,바지 기장 줄이는 곳,생활서비스 중 '수선'을 판매·제공하는 매장,test,수선,T5 서비스,02f08ad0-fa28-4bbc-9aa2-34b2419cc84a,내방모피세탁소,의류세탁서비스,늘해랑상인회 골목형상점가,골목형상점가,광주광역시,0,,
248f0ca507dc800090a3,supplement_v1,A,q_수선_01,바지 기장 줄이는 곳,생활서비스 중 '수선'을 판매·제공하는 매장,test,수선,T5 서비스,1040d310-eaac-44a5-9bb5-3baa6136b5bf,베다니의상실,수선,영동중앙시장,전통시장,충청북도,3,,
85b5da14150767465212,supplement_v1,A,q_수선_01,바지 기장 줄이는 곳,생활서비스 중 '수선'을 판매·제공하는 매장,test,수선,T5 서비스,014b6a30-fb19-4f0f-8ab0-5139e2368173,월드옷수선,의류수선,수원역전시장,전통시장,경기도,3,,
46629fd5fecbd95d58d0,supplement_v1,A,q_수선_01,바지 기장 줄이는 곳,생활서비스 중 '수선'을 판매·제공하는 매장,test,수선,T5 서비스,062825c6-663e-4371-ae63-57ed7f98b23d,수선코너,옷수선,수원역전시장,전통시장,경기도,3,,
912f6aa93687faf5b500,supplement_v1,A,q_수선_01,바지 기장 줄이는 곳,생활서비스 중 '수선'을 판매·제공하는 매장,test,수선,T5 서비스,209b7045-cd2d-4ca6-b40a-0203253f6d23,남강옷수선,옷수선및리폼,진주 자유시장,전통시장,경상남도,3,,
8e99d6f10477d2433ba6,supplement_v1,A,q_수선_01,바지 기장 줄이는 곳,생활서비스 중 '수선'을 판매·제공하는 매장,test,수선,T5 서비스,1446c8c2-059a-4458-beda-29c089396101,장서영옷수선,수선,은행나무시장(구시흥중앙시장),전통시장,서울특별시,3,,
