judgment_id,annotation_round,annotator,query_id,query,intent_definition,split,query_family,query_type,doc_id,store_name,item_text,market_name,market_type,source_region,relevance,uncertain,annotator_note,uncertain_flag
2a0b78f433b36d1de1ce,full_annotation_v1,A,q_가방_03,지갑,패션·잡화 중 '가방'을 판매·제공하는 매장,train,가방,T2 동의어,e9f8f52c-6cbb-4d1d-a24b-7931f48540e6,지홍수산,,승달 골목형상점가,골목형상점가,,,Y,상호명과 취급품목만으로 업종이나 제공 품목을 확인하기 어려움,True
df172272a8fe1ffe7524,full_annotation_v1,A,q_가방_03,지갑,패션·잡화 중 '가방'을 판매·제공하는 매장,train,가방,T2 동의어,76f419cb-6df7-4678-a7e4-6ba9c4d91140,생육갑,,장성읍 골목형상점가,골목형상점가,전라남도,,Y,상호명과 취급품목만으로 업종이나 제공 품목을 확인하기 어려움,True
1c7d959c19bb4c24b0c1,full_annotation_v1,A,q_가방_03,지갑,패션·잡화 중 '가방'을 판매·제공하는 매장,train,가방,T2 동의어,03cf417c-a1dd-423e-ab5a-eb127713f806,지뎅,,상지대길골목형상점가,골목형상점가,강원특별자치도,,Y,상호명과 취급품목만으로 업종이나 제공 품목을 확인하기 어려움,True
b5b98bc324796f00a1ff,full_annotation_v1,A,q_가방_03,지갑,패션·잡화 중 '가방'을 판매·제공하는 매장,train,가방,T2 동의어,79716ec5-54ef-46c5-88f3-18ae64f19142,동래장갑,,백년소상공인,,부산광역시,,Y,상호명과 취급품목만으로 업종이나 제공 품목을 확인하기 어려움,True
3d84f34d6c6c4927199e,full_annotation_v1,A,q_가방_04,파우치,패션·잡화 중 '가방'을 판매·제공하는 매장,train,가방,T2 동의어,8aa43ace-7507-4a7f-9daa-845fa11f4176,젬파우 (Gempaw),,서구청먹자골목상인회 골목형상점가,골목형상점가,,,Y,상호명과 취급품목만으로 업종이나 제공 품목을 확인하기 어려움,True
f7bdb36bd33d9bf20d63,full_annotation_v1,A,q_가방_04,파우치,패션·잡화 중 '가방'을 판매·제공하는 매장,train,가방,T2 동의어,692ad412-d052-43e0-a960-2195e4ffa2c9,파인힐팬션,,강촌 골목형상점가,골목형상점가,강원특별자치도,,Y,상호명과 취급품목만으로 업종이나 제공 품목을 확인하기 어려움,True
5ad82c572d70f36d2df4,full_annotation_v1,A,q_가방_04,파우치,패션·잡화 중 '가방'을 판매·제공하는 매장,train,가방,T2 동의어,3b0d3fbf-89f9-4c1d-a53f-30078a6bcc04,파불집,,복수동 골목형상점가,골목형상점가,대전광역시,,Y,상호명과 취급품목만으로 업종이나 제공 품목을 확인하기 어려움,True
19b34fa544212d475a04,full_annotation_v1,A,q_가방_04,파우치,패션·잡화 중 '가방'을 판매·제공하는 매장,train,가방,T2 동의어,f75764d4-4ad8-44c8-ad99-7ccf3eea78de,파지,,중흥자재거리 골목형상점가,골목형상점가,광주광역시,,Y,상호명과 취급품목만으로 업종이나 제공 품목을 확인하기 어려움,True
7c552b843c89e6a4a51a,full_annotation_v1,A,q_가방_04,파우치,패션·잡화 중 '가방'을 판매·제공하는 매장,train,가방,T2 동의어,7bd463d0-9da7-436b-ba60-70703cc99a47,파주흥행,,해오름 골목형상점가,골목형상점가,경기도,,Y,상호명과 취급품목만으로 업종이나 제공 품목을 확인하기 어려움,True
7a912850bec0b41b6fb8,full_annotation_v1,A,q_가방_04,파우치,패션·잡화 중 '가방'을 판매·제공하는 매장,train,가방,T2 동의어,e372f741-d849-4500-a8f5-a666d673a559,윤참치,,성성1번가 골목형상점가,골목형상점가,충청남도,,Y,상호명과 취급품목만으로 업종이나 제공 품목을 확인하기 어려움,True
c1a3ebc23154cf86a5be,full_annotation_v1,A,q_가방_06,가반,패션·잡화 중 '가방'을 판매·제공하는 매장,train,가방,T6 기계변형,136a1420-596f-4e81-a7c7-fdbc589c9621,어반,,원신흥 골목형상점가,골목형상점가,대전광역시,,Y,상호명과 취급품목만으로 업종이나 제공 품목을 확인하기 어려움,True
87053894e38e19fe33d1,full_annotation_v1,A,q_가방_06,가반,패션·잡화 중 '가방'을 판매·제공하는 매장,train,가방,T6 기계변형,f22ff30a-d019-472e-a968-a3b9ef244d4a,교반,,나주읍성 골목형상점가,골목형상점가,,,Y,상호명과 취급품목만으로 업종이나 제공 품목을 확인하기 어려움,True
d142af12047af69a0bcc,full_annotation_v1,A,q_가방_06,가반,패션·잡화 중 '가방'을 판매·제공하는 매장,train,가방,T6 기계변형,019e1807-6d7e-468f-be4b-2adc14e0c5a5,교반,,남평 강변도시 골목형상점가,골목형상점가,전라남도,,Y,상호명과 취급품목만으로 업종이나 제공 품목을 확인하기 어려움,True
bf806a650a7906cc8f63,full_annotation_v1,A,q_가방_06,가반,패션·잡화 중 '가방'을 판매·제공하는 매장,train,가방,T6 기계변형,2485b873-95c7-4eed-ae1f-f5e4cbcad34e,반반,,서문시장2지구 종합상가,전통시장,대구광역시,,Y,상호명과 취급품목만으로 업종이나 제공 품목을 확인하기 어려움,True
86631278b3d055bbbaa4,full_annotation_v1,A,q_건어물_02,멸치,식료품 중 '건어물'을 판매·제공하는 매장,train,건어물,T2 동의어,ea86c8ba-5737-4b21-bf2f-64cfe22dd155,맹가미,,남원시 원도심 상권활성화 구역,상권활성화구역,전북특별자치도,,Y,상호명과 취급품목만으로 업종이나 제공 품목을 확인하기 어려움,True
ff05a82dfd48ee54a85b,full_annotation_v1,A,q_건어물_03,미역,식료품 중 '건어물'을 판매·제공하는 매장,train,건어물,T2 동의어,4f38851e-6419-433a-accf-b49f96daa0af,창돈역,,창동역 상점가,자율상권구역,서울특별시,,Y,상호명과 취급품목만으로 업종이나 제공 품목을 확인하기 어려움,True
d4791639a1adc0aed846,full_annotation_v1,A,q_건어물_03,미역,식료품 중 '건어물'을 판매·제공하는 매장,train,건어물,T2 동의어,4dfef34e-2c2b-4e2d-a00f-78004956170f,동막역,,대흥숲길 골목형상점가,골목형상점가,서울특별시,,Y,상호명과 취급품목만으로 업종이나 제공 품목을 확인하기 어려움,True
b5b66f834243404f3e66,full_annotation_v1,A,q_건어물_04,오징어,식료품 중 '건어물'을 판매·제공하는 매장,train,건어물,T2 동의어,7ce78caf-154c-4fbc-a6fc-8d5c82070ab7,더아루나,,나주읍성 골목형상점가,골목형상점가,,,Y,상호명과 취급품목만으로 업종이나 제공 품목을 확인하기 어려움,True
d72ec7d06f6f86d7e3cf,full_annotation_v1,A,q_건어물_06,건어뭉,식료품 중 '건어물'을 판매·제공하는 매장,train,건어물,T6 기계변형,7a803b6c-c713-4675-8b1b-6eeb29046f18,건융,,방이시장,전통시장,서울특별시,,Y,상호명과 취급품목만으로 업종이나 제공 품목을 확인하기 어려움,True
3efb3a5f54eba6689239,full_annotation_v1,A,q_교육_01,배우러 다니는 곳,교육 중 '교육'을 판매·제공하는 매장,train,교육,T4 구어·문장,c0cc81b4-89ec-4a70-b6f7-089de1fd92a8,소소한곳,,양산 물금백호마을 골목형상점가,골목형상점가,경상남도,,Y,상호명과 취급품목만으로 업종이나 제공 품목을 확인하기 어려움,True
34e148e28d1ea258d872,full_annotation_v1,A,q_교육_01,배우러 다니는 곳,교육 중 '교육'을 판매·제공하는 매장,train,교육,T4 구어·문장,645c74a5-d108-493c-b5b4-a08b28a6cb3a,다니엘,,서문시장2지구 종합상가,전통시장,대구광역시,,Y,상호명과 취급품목만으로 업종이나 제공 품목을 확인하기 어려움,True
92e37694a3404a7081b3,full_annotation_v1,A,q_교육_01,배우러 다니는 곳,교육 중 '교육'을 판매·제공하는 매장,train,교육,T4 구어·문장,57b57e2c-195d-4a52-b747-b51a40d0a461,비에이치씨 둔촌올림픽파크점,,둔촌스포츠거리 골목형상점가,골목형상점가,서울특별시,,Y,상호명과 취급품목만으로 업종이나 제공 품목을 확인하기 어려움,True
e38882a1a40d4beeef68,full_annotation_v1,A,q_교육_01,배우러 다니는 곳,교육 중 '교육'을 판매·제공하는 매장,train,교육,T4 구어·문장,e8fbbf70-a353-4917-a80c-8c934130294b,다니엘,,진주 중앙상점가,자율상권구역,경상남도,,Y,상호명과 취급품목만으로 업종이나 제공 품목을 확인하기 어려움,True
c061bc62ddcd5be52ddf,full_annotation_v1,A,q_교육_03,학원,교육 중 '교육'을 판매·제공하는 매장,train,교육,T1 정확표기,9897f6e2-fd30-444b-89a4-4c82d62961b6,그린아트,,대현프리몰 대구점,일반지하상점가,대구광역시,,Y,상호명과 취급품목만으로 업종이나 제공 품목을 확인하기 어려움,True
1065ef7d4c8f724f4fb7,full_annotation_v1,A,q_교육_03,학원,교육 중 '교육'을 판매·제공하는 매장,train,교육,T1 정확표기,57d83fe8-0d66-4132-8831-99ca11743db1,목동비와이씨,,목동로데오 먹자거리 골목형상점가,골목형상점가,서울특별시,,Y,상호명과 취급품목만으로 업종이나 제공 품목을 확인하기 어려움,True
33dacab8453fe2a12c78,full_annotation_v1,A,q_교육_06,피아노,교육 중 '교육'을 판매·제공하는 매장,train,교육,T2 동의어,d4362517-9907-421d-976d-9e9e211655da,울릉도수산,,울산농수산물도매시장 수산소매동,골목형상점가,울산광역시,,Y,상호명과 취급품목만으로 업종이나 제공 품목을 확인하기 어려움,True
d2c5e0c7158de5bc00f3,full_annotation_v1,A,q_교육_07,학원 다니는 데,교육 중 '교육'을 판매·제공하는 매장,train,교육,T4 구어·문장,645c74a5-d108-493c-b5b4-a08b28a6cb3a,다니엘,,서문시장2지구 종합상가,전통시장,대구광역시,,Y,상호명과 취급품목만으로 업종이나 제공 품목을 확인하기 어려움,True
58c530018c12aaabe516,full_annotation_v1,A,q_교육_07,학원 다니는 데,교육 중 '교육'을 판매·제공하는 매장,train,교육,T4 구어·문장,e8fbbf70-a353-4917-a80c-8c934130294b,다니엘,,진주 중앙상점가,자율상권구역,경상남도,,Y,상호명과 취급품목만으로 업종이나 제공 품목을 확인하기 어려움,True
ffb7f3f8f4e40b34572d,full_annotation_v1,A,q_교육_07,학원 다니는 데,교육 중 '교육'을 판매·제공하는 매장,train,교육,T4 구어·문장,444c9b3c-4973-4c45-a958-c969cc5bbc1f,경상북도 포항시 북구 죽도시장길 30(죽도동),,포항죽도농산물시장,전통시장,경상북도,,Y,상호명과 취급품목만으로 업종이나 제공 품목을 확인하기 어려움,True
2b13891796cd97f0abbb,full_annotation_v1,A,q_교육_08,교육추천,교육 중 '교육'을 판매·제공하는 매장,train,교육,T6 기계변형,22a94491-853d-4840-b253-418bc12c7e10,산천,,홍도 골목형상점가,골목형상점가,대전광역시,,Y,상호명과 취급품목만으로 업종이나 제공 품목을 확인하기 어려움,True
63c6e76bf82c83f63ae1,full_annotation_v1,A,q_교육_09,교윧,교육 중 '교육'을 판매·제공하는 매장,train,교육,T6 기계변형,019e1807-6d7e-468f-be4b-2adc14e0c5a5,교반,,남평 강변도시 골목형상점가,골목형상점가,전라남도,,Y,상호명과 취급품목만으로 업종이나 제공 품목을 확인하기 어려움,True
2b532186e8c92f05f89c,full_annotation_v1,A,q_교육_09,교윧,교육 중 '교육'을 판매·제공하는 매장,train,교육,T6 기계변형,9eb2e7d5-9b74-4fd9-87d8-e0a7eb5c91cb,교동곰탕,,교동연합,골목형상점가,대구광역시,,Y,상호명과 취급품목만으로 업종이나 제공 품목을 확인하기 어려움,True
745e97cfe76b7ad9fea3,full_annotation_v1,A,q_교육_09,교윧,교육 중 '교육'을 판매·제공하는 매장,train,교육,T6 기계변형,a998f236-b81b-4826-911e-6da2de2e38ad,교동반점,,신산격종합시장 골목형상점가,골목형상점가,대구광역시,,Y,상호명과 취급품목만으로 업종이나 제공 품목을 확인하기 어려움,True
ec833283712268b31be5,full_annotation_v1,A,q_교육_09,교윧,교육 중 '교육'을 판매·제공하는 매장,train,교육,T6 기계변형,a1f200f1-8ad1-4d16-822c-6058c9b86623,교하문고,,교하중심상가 골목형상점가,골목형상점가,경기도,,Y,상호명과 취급품목만으로 업종이나 제공 품목을 확인하기 어려움,True
bad8628a29628365be44,full_annotation_v1,A,q_교육_09,교윧,교육 중 '교육'을 판매·제공하는 매장,train,교육,T6 기계변형,7ed6be36-f765-45e2-9c0a-b7e104c81f2a,교동 389,,여수진남상가,자율상권구역,,,Y,상호명과 취급품목만으로 업종이나 제공 품목을 확인하기 어려움,True
f60ba0c6e9b2ce6da1e5,full_annotation_v1,A,q_교육_09,교윧,교육 중 '교육'을 판매·제공하는 매장,train,교육,T6 기계변형,f22ff30a-d019-472e-a968-a3b9ef244d4a,교반,,나주읍성 골목형상점가,골목형상점가,,,Y,상호명과 취급품목만으로 업종이나 제공 품목을 확인하기 어려움,True
971532b76513983b8b88,full_annotation_v1,A,q_교육_09,교윧,교육 중 '교육'을 판매·제공하는 매장,train,교육,T6 기계변형,478bd2c2-4a8d-4c03-b148-1fadb0e3e782,교동옥수수,,전주한옥마을 골목형상점가,골목형상점가,전북특별자치도,,Y,상호명과 취급품목만으로 업종이나 제공 품목을 확인하기 어려움,True
068f3415365eea7c4696,full_annotation_v1,A,q_낚시_01,어망,문화·여가 중 '낚시'를 판매·제공하는 매장,train,낚시,T3 개념확장,c115a1fa-eb66-40ff-baf9-72fe732f1c55,스윗아망,,흥덕 다채움 골목형 상점가,골목형상점가,경기도,,Y,상호명과 취급품목만으로 업종이나 제공 품목을 확인하기 어려움,True
4f18864065be133b825b,full_annotation_v1,A,q_낚시_01,어망,문화·여가 중 '낚시'를 판매·제공하는 매장,train,낚시,T3 개념확장,4d6e6647-01a7-4d94-9ccb-846b15b8fd06,샤르망,,서문시장2지구 종합상가,전통시장,대구광역시,,Y,상호명과 취급품목만으로 업종이나 제공 품목을 확인하기 어려움,True
3c458b7b4eb56d2a684d,full_annotation_v1,A,q_낚시_01,어망,문화·여가 중 '낚시'를 판매·제공하는 매장,train,낚시,T3 개념확장,535ccbde-c8df-4472-95cd-422a2f6026e0,엄마와딸 전집,,단양구경시장(단양인정시장),전통시장,충청북도,,Y,상호명과 취급품목만으로 업종이나 제공 품목을 확인하기 어려움,True
2e3c3532413cd9dd105f,full_annotation_v1,A,q_낚시_01,어망,문화·여가 중 '낚시'를 판매·제공하는 매장,train,낚시,T3 개념확장,1600edbf-70e4-4635-b257-c0f404981314,어쿱,,과천중앙동상점가,자율상권구역,경기도,,Y,상호명과 취급품목만으로 업종이나 제공 품목을 확인하기 어려움,True
87634cf59de8b50a3bbb,full_annotation_v1,A,q_낚시_01,어망,문화·여가 중 '낚시'를 판매·제공하는 매장,train,낚시,T3 개념확장,5af6f790-086d-4b6c-b763-533bdb26fb2e,알레르망,,관평동 골목형상점가,골목형상점가,대전광역시,,Y,상호명과 취급품목만으로 업종이나 제공 품목을 확인하기 어려움,True
5bc918d9d0fb4bd20437,full_annotation_v1,A,q_낚시_01,어망,문화·여가 중 '낚시'를 판매·제공하는 매장,train,낚시,T3 개념확장,924673c2-8e44-440b-9e44-68ddedc5f7b3,소망,,충금지하도상가,일반지하상점가,,,Y,상호명과 취급품목만으로 업종이나 제공 품목을 확인하기 어려움,True
af939d8548e5d1e1b23c,full_annotation_v1,A,q_네일_03,네일아트,뷰티·미용 중 '네일'을 판매·제공하는 매장,train,네일,T2 동의어,39f9b597-8200-4df5-adc4-42638fb5d704,휴담.결,,매탄골목상인회 골목형상점가,골목형상점가,경기도,,Y,상호명과 취급품목만으로 업종이나 제공 품목을 확인하기 어려움,True
663cfedab81a8a9d0ee9,full_annotation_v1,A,q_네일_05,젤네일,뷰티·미용 중 '네일'을 판매·제공하는 매장,train,네일,T2 동의어,e987cf41-07be-446c-8ef7-6c8d71dd406f,일번지식당,,산수 먹자골목 골목형상점가,골목형상점가,광주광역시,,Y,상호명과 취급품목만으로 업종이나 제공 품목을 확인하기 어려움,True
5d40ad14164ea5ee1bf3,full_annotation_v1,A,q_네일_06,네일 받는 데,뷰티·미용 중 '네일'을 판매·제공하는 매장,train,네일,T4 구어·문장,2c4695af-067a-412f-a8ae-9a81ae0a3da3,녹차밭 매점,,보성녹차 골목형상점가,골목형상점가,,,Y,상호명과 취급품목만으로 업종이나 제공 품목을 확인하기 어려움,True
129f4cb2ad81dda558f4,full_annotation_v1,A,q_네일_10,네잉,뷰티·미용 중 '네일'을 판매·제공하는 매장,train,네일,T6 기계변형,dfd34262-070c-4a3d-810c-ed93ed6fed75,유유쏘잉,,동해남부재래시장,전통시장,강원특별자치도,,Y,상호명과 취급품목만으로 업종이나 제공 품목을 확인하기 어려움,True
7c0917bd02ad4aeb63f4,full_annotation_v1,A,q_네일_10,네잉,뷰티·미용 중 '네일'을 판매·제공하는 매장,train,네일,T6 기계변형,4a080d6f-6033-4fbc-aa35-6ab2576957a2,사마브루잉,,도마달 골목형상점가,골목형상점가,대전광역시,,Y,상호명과 취급품목만으로 업종이나 제공 품목을 확인하기 어려움,True
032106b77edf6c3180c0,full_annotation_v1,A,q_네일_10,네잉,뷰티·미용 중 '네일'을 판매·제공하는 매장,train,네일,T6 기계변형,a51fe241-9ebd-4a5c-8660-4eb06865da11,다소니 드로잉,,고운뜰 골목형상점가,골목형상점가,세종특별자치시,,Y,상호명과 취급품목만으로 업종이나 제공 품목을 확인하기 어려움,True
fa15caac3061a0b5c44a,full_annotation_v1,A,q_네일_10,네잉,뷰티·미용 중 '네일'을 판매·제공하는 매장,train,네일,T6 기계변형,0c93fd99-5f66-462e-8af0-42e1befac6b2,아이쿠잉,,늘해랑상인회 골목형상점가,골목형상점가,광주광역시,,Y,상호명과 취급품목만으로 업종이나 제공 품목을 확인하기 어려움,True
a6f16f600be93900f361,full_annotation_v1,A,q_네일_10,네잉,뷰티·미용 중 '네일'을 판매·제공하는 매장,train,네일,T6 기계변형,4e46f819-f315-4e10-8a5e-ee2a105bb93e,오일팩토리,,효자1가 골목형상점가,골목형상점가,전북특별자치도,,Y,상호명과 취급품목만으로 업종이나 제공 품목을 확인하기 어려움,True
bc3110c7a970ac9a7373,full_annotation_v1,A,q_네일_10,네잉,뷰티·미용 중 '네일'을 판매·제공하는 매장,train,네일,T6 기계변형,81e3b955-a916-41d3-abdb-1df3613834d7,롤링브루잉,,산지천1 골목형상점가,골목형상점가,제주특별자치도,,Y,상호명과 취급품목만으로 업종이나 제공 품목을 확인하기 어려움,True
e3067f230232a75dada2,full_annotation_v1,A,q_네일_10,네잉,뷰티·미용 중 '네일'을 판매·제공하는 매장,train,네일,T6 기계변형,322d48ae-fb8e-460f-8b7f-d8c263b9c454,심플소잉&NCC순천동외점,,강남로상가,자율상권구역,,,Y,상호명과 취급품목만으로 업종이나 제공 품목을 확인하기 어려움,True
2854adb0cd17a8059ce9,full_annotation_v1,A,q_떡_04,떡 사는 곳,카페·디저트 중 '떡'을 판매·제공하는 매장,train,떡,T4 구어·문장,31e86cfa-1d8f-485a-9689-1c6626ec2551,마레,,부산평화시장,전통시장,부산광역시,,Y,상호명과 취급품목만으로 업종이나 제공 품목을 확인하기 어려움,True
be09be85f50b2177a1e6,full_annotation_v1,A,q_떡_05,떡 사는 데,카페·디저트 중 '떡'을 판매·제공하는 매장,train,떡,T4 구어·문장,aba76fc2-984e-4030-ba01-e2e7d78264c7,데 아로즈 대전둔산본점,,갈리단길 골목형상점가,골목형상점가,대전광역시,,Y,상호명과 취급품목만으로 업종이나 제공 품목을 확인하기 어려움,True
87a3df8e6e0b5d6742e4,full_annotation_v1,A,q_떡_05,떡 사는 데,카페·디저트 중 '떡'을 판매·제공하는 매장,train,떡,T4 구어·문장,577d100b-39da-4e56-86ad-a614254fe22d,호주면세직영할인점,,통영 중앙동 강구안 상권활성화 구역,상권활성화구역,경상남도,,Y,상호명과 취급품목만으로 업종이나 제공 품목을 확인하기 어려움,True
441352633637acac8ac7,full_annotation_v1,A,q_떡_06,떡 파는 곳,카페·디저트 중 '떡'을 판매·제공하는 매장,train,떡,T4 구어·문장,cb15e2d0-9357-4e06-9f00-880705012933,땅파서 폰파는 집(사직점),,사직거인 골목형상점가,골목형상점가,부산광역시,,Y,상호명과 취급품목만으로 업종이나 제공 품목을 확인하기 어려움,True
13d2983effc514a25f69,full_annotation_v1,A,q_떡_06,떡 파는 곳,카페·디저트 중 '떡'을 판매·제공하는 매장,train,떡,T4 구어·문장,ecf3246a-ed9b-4f87-a6f9-e5dc2f69ffd1,"다파농, 다파는 농부 수지구청점",,풍2동 골목형상점가,골목형상점가,경기도,,Y,상호명과 취급품목만으로 업종이나 제공 품목을 확인하기 어려움,True
164ed009d6c80cbee9c1,full_annotation_v1,A,q_떡_07,떡추천,카페·디저트 중 '떡'을 판매·제공하는 매장,train,떡,T6 기계변형,c72ad5e5-3bac-47b9-8014-f1b9367630e1,안녕제천,,제천중앙시장,전통시장,충청북도,,Y,상호명과 취급품목만으로 업종이나 제공 품목을 확인하기 어려움,True
9a1d7331fbf654e1c4de,full_annotation_v1,A,q_떡_07,떡추천,카페·디저트 중 '떡'을 판매·제공하는 매장,train,떡,T6 기계변형,82105a15-ed40-4bf8-9b16-926842fcb283,오비스트로 금천,,천리단길골목형상점가,골목형상점가,서울특별시,,Y,상호명과 취급품목만으로 업종이나 제공 품목을 확인하기 어려움,True
29b2707a5fb7c8cfab56,full_annotation_v1,A,q_떡_07,떡추천,카페·디저트 중 '떡'을 판매·제공하는 매장,train,떡,T6 기계변형,f28be054-e99d-49e8-80c2-4efa08af4aff,테라숨 진안점,,병점중심상가,자율상권구역,경기도,,Y,상호명과 취급품목만으로 업종이나 제공 품목을 확인하기 어려움,True
c6613d5f8193d05ba366,full_annotation_v1,A,q_떡_07,떡추천,카페·디저트 중 '떡'을 판매·제공하는 매장,train,떡,T6 기계변형,fc314ae9-f7a9-47e6-a57a-04449955ec04,영광경기이천,,주문진건어물시장,전통시장,강원특별자치도,,Y,상호명과 취급품목만으로 업종이나 제공 품목을 확인하기 어려움,True
9139cd0547a188b888e1,full_annotation_v1,A,q_떡_07,떡추천,카페·디저트 중 '떡'을 판매·제공하는 매장,train,떡,T6 기계변형,22a94491-853d-4840-b253-418bc12c7e10,산천,,홍도 골목형상점가,골목형상점가,대전광역시,,Y,상호명과 취급품목만으로 업종이나 제공 품목을 확인하기 어려움,True
e9a065732f4b2bcb15e0,full_annotation_v1,A,q_떡_07,떡추천,카페·디저트 중 '떡'을 판매·제공하는 매장,train,떡,T6 기계변형,2184351b-8c7b-45c5-a516-3be820994d94,남천 101호,,남천골목시장 골목형상점가,골목형상점가,부산광역시,,Y,상호명과 취급품목만으로 업종이나 제공 품목을 확인하기 어려움,True
2172e014bd11b1589999,full_annotation_v1,A,q_떡_07,떡추천,카페·디저트 중 '떡'을 판매·제공하는 매장,train,떡,T6 기계변형,3cb76796-4ed4-4f7c-b826-cdd5e0e7e6ea,구천(九天)포차,,울산대바보사거리 골목형상점가,골목형상점가,울산광역시,,Y,상호명과 취급품목만으로 업종이나 제공 품목을 확인하기 어려움,True
f7b553b88b03e63de54d,full_annotation_v1,A,q_떡_08,떧,카페·디저트 중 '떡'을 판매·제공하는 매장,train,떡,T6 기계변형,36a389cf-5ea1-4645-8ee7-7b9d15a759df,티셀라(TEACELLAR) 햇살차방,,용봉 골목형상점가,골목형상점가,전북특별자치도,,Y,상호명과 취급품목만으로 업종이나 제공 품목을 확인하기 어려움,True
a586f48f0a3de9ae6ff0,full_annotation_v1,A,q_미용_03,머리,뷰티·미용 중 '미용'을 판매·제공하는 매장,train,미용,T2 동의어,b4ce7251-cb5a-4324-ba9b-9480625faa38,봉육점,,성서우방 골목형상점가,골목형상점가,대구광역시,,Y,상호명과 취급품목만으로 업종이나 제공 품목을 확인하기 어려움,True
e31341bcdc8343ff15c7,full_annotation_v1,A,q_미용_06,이발소,뷰티·미용 중 '미용'을 판매·제공하는 매장,train,미용,T2 동의어,55d20c2b-5c1a-4651-9f18-d23d007c3228,빈틈과 허용의 공간,,첨단이웃사랑 골목형상점가,골목형상점가,,,Y,상호명과 취급품목만으로 업종이나 제공 품목을 확인하기 어려움,True
ca8622ce7af342ffd6b3,full_annotation_v1,A,q_미용_10,머리할 데,뷰티·미용 중 '미용'을 판매·제공하는 매장,train,미용,T4 구어·문장,62f8146c-aa85-4d94-9947-0f19fd052da5,데즐링,,쌍촌명지상인회 골목형상점가,골목형상점가,,,Y,상호명과 취급품목만으로 업종이나 제공 품목을 확인하기 어려움,True
9381c632f7375ad412fb,full_annotation_v1,A,q_미용_10,머리할 데,뷰티·미용 중 '미용'을 판매·제공하는 매장,train,미용,T4 구어·문장,aba76fc2-984e-4030-ba01-e2e7d78264c7,데 아로즈 대전둔산본점,,갈리단길 골목형상점가,골목형상점가,대전광역시,,Y,상호명과 취급품목만으로 업종이나 제공 품목을 확인하기 어려움,True
616fb5f539effc534407,full_annotation_v1,A,q_미용_10,머리할 데,뷰티·미용 중 '미용'을 판매·제공하는 매장,train,미용,T4 구어·문장,8f69b854-2bb1-4c60-9270-208d55b08d3f,예쁜데,,골든타임 골목형상점가,골목형상점가,경기도,,Y,상호명과 취급품목만으로 업종이나 제공 품목을 확인하기 어려움,True
b1fa728325f3dbdc6e31,full_annotation_v1,A,q_미용_12,미욘,뷰티·미용 중 '미용'을 판매·제공하는 매장,train,미용,T6 기계변형,330e1e74-4a68-4fbe-8ec2-44a2547d4849,미류,,갈리단길 골목형상점가,골목형상점가,대전광역시,,Y,상호명과 취급품목만으로 업종이나 제공 품목을 확인하기 어려움,True
256ebdf1c1652b237c2a,full_annotation_v1,A,q_미용_12,미욘,뷰티·미용 중 '미용'을 판매·제공하는 매장,train,미용,T6 기계변형,e0aca9f6-3add-4a55-9624-a029bda033d3,미르앨,,파워존 골목형상점가,골목형상점가,대전광역시,,Y,상호명과 취급품목만으로 업종이나 제공 품목을 확인하기 어려움,True
79b1dc9e4ed33ab6eaf5,full_annotation_v1,A,q_미용_12,미욘,뷰티·미용 중 '미용'을 판매·제공하는 매장,train,미용,T6 기계변형,98858e1c-b81c-4939-8cce-e57dedc7c06d,미올지,,한들물빛도시 골목형 상점가,골목형상점가,충청남도,,Y,상호명과 취급품목만으로 업종이나 제공 품목을 확인하기 어려움,True
54dba0798945aedc9755,full_annotation_v1,A,q_미용_12,미욘,뷰티·미용 중 '미용'을 판매·제공하는 매장,train,미용,T6 기계변형,144e2fdb-0544-451f-87fa-0096b78a6233,미 in 미,,장흥중앙로 골목형상점가,골목형상점가,,,Y,상호명과 취급품목만으로 업종이나 제공 품목을 확인하기 어려움,True
976df679345584852b22,full_annotation_v1,A,q_미용_12,미욘,뷰티·미용 중 '미용'을 판매·제공하는 매장,train,미용,T6 기계변형,538d486d-d951-43bb-be71-81d8b42f7cf1,미소레,,수원역전지하도상가,일반지하상점가,경기도,,Y,상호명과 취급품목만으로 업종이나 제공 품목을 확인하기 어려움,True
5034fe95c137abc88c41,full_annotation_v1,A,q_미용_12,미욘,뷰티·미용 중 '미용'을 판매·제공하는 매장,train,미용,T6 기계변형,f507ef69-21ea-44dc-87cd-bbf391c863a6,미프윌,,관저상가 골목형상점가,골목형상점가,대전광역시,,Y,상호명과 취급품목만으로 업종이나 제공 품목을 확인하기 어려움,True
a921a6f7e702e5195bdd,full_annotation_v1,A,q_미용_12,미욘,뷰티·미용 중 '미용'을 판매·제공하는 매장,train,미용,T6 기계변형,b27310a4-cd3e-47b3-bdec-1a7f689a3961,미츠팡,,교동연합,골목형상점가,대구광역시,,Y,상호명과 취급품목만으로 업종이나 제공 품목을 확인하기 어려움,True
a21ddc86a1e95f6f0ad0,full_annotation_v1,A,q_미용_13,미용추천,뷰티·미용 중 '미용'을 판매·제공하는 매장,train,미용,T6 기계변형,c72ad5e5-3bac-47b9-8014-f1b9367630e1,안녕제천,,제천중앙시장,전통시장,충청북도,,Y,상호명과 취급품목만으로 업종이나 제공 품목을 확인하기 어려움,True
358683bed2fe6d6e9f92,full_annotation_v1,A,q_미용_13,미용추천,뷰티·미용 중 '미용'을 판매·제공하는 매장,train,미용,T6 기계변형,22a94491-853d-4840-b253-418bc12c7e10,산천,,홍도 골목형상점가,골목형상점가,대전광역시,,Y,상호명과 취급품목만으로 업종이나 제공 품목을 확인하기 어려움,True
8042bfc7d7cd3da181cd,full_annotation_v1,A,q_반찬_02,김치,식료품 중 '반찬'을 판매·제공하는 매장,train,반찬,T2 동의어,91cb39a6-fdcb-4f5a-a76e-223e63181113,돼궁(돼통령과궁물총리),,수완머그로 골목형상점가,골목형상점가,,,Y,상호명과 취급품목만으로 업종이나 제공 품목을 확인하기 어려움,True
b9a249248e5edb346e51,full_annotation_v1,A,q_반찬_03,나물,식료품 중 '반찬'을 판매·제공하는 매장,train,반찬,T2 동의어,ef84b683-2cda-409f-b71d-19a0e5a69a06,팔도수산,,남악시장골목형상점가,골목형상점가,,,Y,상호명과 취급품목만으로 업종이나 제공 품목을 확인하기 어려움,True
b2c2d707f15ebcaf9adf,full_annotation_v1,A,q_반찬_03,나물,식료품 중 '반찬'을 판매·제공하는 매장,train,반찬,T2 동의어,f6b28a18-b616-4520-bfc9-22fdb7a8d485,태릉모터스,,갈매아이&유거리 골목형상점가,골목형상점가,경기도,,Y,상호명과 취급품목만으로 업종이나 제공 품목을 확인하기 어려움,True
0454691c1df261b93ae0,full_annotation_v1,A,q_반찬_04,반찬가게,식료품 중 '반찬'을 판매·제공하는 매장,train,반찬,T2 동의어,d136d8e0-0045-4398-94c5-1b84dbf8eb7b,오늘,,내포 홍학로 근린상점가 골목형상점가,골목형상점가,충청남도,,Y,상호명과 취급품목만으로 업종이나 제공 품목을 확인하기 어려움,True
0eeee45fb5629f93c590,full_annotation_v1,A,q_반찬_09,반참,식료품 중 '반찬'을 판매·제공하는 매장,train,반찬,T6 기계변형,054da1be-eaff-493f-95d2-11e1f9edef6e,광주야참,,승달 골목형상점가,골목형상점가,,,Y,상호명과 취급품목만으로 업종이나 제공 품목을 확인하기 어려움,True
1a7ea2a645d18201e1f5,full_annotation_v1,A,q_반찬_09,반참,식료품 중 '반찬'을 판매·제공하는 매장,train,반찬,T6 기계변형,59f5dabc-94fd-4cfc-a53c-c71385c1913a,영웅양곱참,,남산로상점가,자율상권구역,부산광역시,,Y,상호명과 취급품목만으로 업종이나 제공 품목을 확인하기 어려움,True
cd01130a20b2e8c4bc63,full_annotation_v1,A,q_빵_05,빵 사는 데,카페·디저트 중 '빵'을 판매·제공하는 매장,train,빵,T4 구어·문장,aba76fc2-984e-4030-ba01-e2e7d78264c7,데 아로즈 대전둔산본점,,갈리단길 골목형상점가,골목형상점가,대전광역시,,Y,상호명과 취급품목만으로 업종이나 제공 품목을 확인하기 어려움,True
d861d127462a59a6aac2,full_annotation_v1,A,q_빵_08,아침에 빵 사려면,카페·디저트 중 '빵'을 판매·제공하는 매장,train,빵,T4 구어·문장,83570e72-603f-482d-8369-95312803632b,청당장터,,청당3번가 골목형상점가,골목형상점가,충청남도,,Y,상호명과 취급품목만으로 업종이나 제공 품목을 확인하기 어려움,True
7d20964a6b4589151d87,full_annotation_v1,A,q_빵_09,빤,카페·디저트 중 '빵'을 판매·제공하는 매장,train,빵,T6 기계변형,82196b02-6a44-46c5-a1a2-064acfb489d8,더나은에듀,,서현센트럴상점,골목형상점가,경기도,,Y,상호명과 취급품목만으로 업종이나 제공 품목을 확인하기 어려움,True
a7f07fae753452e7c012,full_annotation_v1,A,q_빵_09,빤,카페·디저트 중 '빵'을 판매·제공하는 매장,train,빵,T6 기계변형,07eee279-7faa-4285-8f03-f5dffa15efa2,빤스와난닝구,,춘천풍물시장,전통시장,강원특별자치도,,Y,상호명과 취급품목만으로 업종이나 제공 품목을 확인하기 어려움,True
be1c862567a114c1aa02,full_annotation_v1,A,q_빵_10,빵추천,카페·디저트 중 '빵'을 판매·제공하는 매장,train,빵,T6 기계변형,3cb76796-4ed4-4f7c-b826-cdd5e0e7e6ea,구천(九天)포차,,울산대바보사거리 골목형상점가,골목형상점가,울산광역시,,Y,상호명과 취급품목만으로 업종이나 제공 품목을 확인하기 어려움,True
650acc57d52480162c54,full_annotation_v1,A,q_빵_10,빵추천,카페·디저트 중 '빵'을 판매·제공하는 매장,train,빵,T6 기계변형,fc314ae9-f7a9-47e6-a57a-04449955ec04,영광경기이천,,주문진건어물시장,전통시장,강원특별자치도,,Y,상호명과 취급품목만으로 업종이나 제공 품목을 확인하기 어려움,True
b0a6d1fd8252eadb1354,full_annotation_v1,A,q_빵_10,빵추천,카페·디저트 중 '빵'을 판매·제공하는 매장,train,빵,T6 기계변형,22a94491-853d-4840-b253-418bc12c7e10,산천,,홍도 골목형상점가,골목형상점가,대전광역시,,Y,상호명과 취급품목만으로 업종이나 제공 품목을 확인하기 어려움,True
527ed0209a57452986eb,full_annotation_v1,A,q_빵_10,빵추천,카페·디저트 중 '빵'을 판매·제공하는 매장,train,빵,T6 기계변형,c72ad5e5-3bac-47b9-8014-f1b9367630e1,안녕제천,,제천중앙시장,전통시장,충청북도,,Y,상호명과 취급품목만으로 업종이나 제공 품목을 확인하기 어려움,True
3fb96d1721db4daabb78,full_annotation_v1,A,q_세탁_01,세탁집,생활서비스 중 '세탁'을 판매·제공하는 매장,train,세탁,T2 동의어,fa82e92a-96e0-498c-b6ab-a9381ff258f4,포인트스팀,,반석동 골목형상점가,골목형상점가,대전광역시,,Y,상호명과 취급품목만으로 업종이나 제공 품목을 확인하기 어려움,True
114006111ba9dec2e132,full_annotation_v1,A,q_세탁_02,빨래 맡길 데,생활서비스 중 '세탁'을 판매·제공하는 매장,train,세탁,T4 구어·문장,aba76fc2-984e-4030-ba01-e2e7d78264c7,데 아로즈 대전둔산본점,,갈리단길 골목형상점가,골목형상점가,대전광역시,,Y,상호명과 취급품목만으로 업종이나 제공 품목을 확인하기 어려움,True
79fbe82d15cce1cbb494,full_annotation_v1,A,q_세탁_02,빨래 맡길 데,생활서비스 중 '세탁'을 판매·제공하는 매장,train,세탁,T4 구어·문장,5deb7076-7ac7-44c9-a635-caeb0282b3b4,손길,,우정전통시장,전통시장,울산광역시,,Y,상호명과 취급품목만으로 업종이나 제공 품목을 확인하기 어려움,True
79e5580a4dcdf8e83dd9,full_annotation_v1,A,q_세탁_02,빨래 맡길 데,생활서비스 중 '세탁'을 판매·제공하는 매장,train,세탁,T4 구어·문장,531196c9-6712-4b8a-a395-633608845118,대길,,부평깡통시장(구 부산부평시장),전통시장,부산광역시,,Y,상호명과 취급품목만으로 업종이나 제공 품목을 확인하기 어려움,True
fb5bed66330ce6e74226,full_annotation_v1,A,q_세탁_02,빨래 맡길 데,생활서비스 중 '세탁'을 판매·제공하는 매장,train,세탁,T4 구어·문장,8f69b854-2bb1-4c60-9270-208d55b08d3f,예쁜데,,골든타임 골목형상점가,골목형상점가,경기도,,Y,상호명과 취급품목만으로 업종이나 제공 품목을 확인하기 어려움,True
f1b4ea90560bc4ecd5b9,full_annotation_v1,A,q_세탁_02,빨래 맡길 데,생활서비스 중 '세탁'을 판매·제공하는 매장,train,세탁,T4 구어·문장,42f88a96-e1e2-4770-9b23-1d66e9ff29f7,베르데,,무등산골드클래스2차 골목형상점가,골목형상점가,,,Y,상호명과 취급품목만으로 업종이나 제공 품목을 확인하기 어려움,True
bacd54fcd5b383ec2cc0,full_annotation_v1,A,q_세탁_02,빨래 맡길 데,생활서비스 중 '세탁'을 판매·제공하는 매장,train,세탁,T4 구어·문장,62f8146c-aa85-4d94-9947-0f19fd052da5,데즐링,,쌍촌명지상인회 골목형상점가,골목형상점가,,,Y,상호명과 취급품목만으로 업종이나 제공 품목을 확인하기 어려움,True
891354eb2c994e79a6b8,full_annotation_v1,A,q_세탁_04,옷 세탁하는 곳,생활서비스 중 '세탁'을 판매·제공하는 매장,train,세탁,T4 구어·문장,1c48ef6c-d475-4858-8aab-0ee9b8033fdb,면도하는 총각,,순천원도심상점가,자율상권구역,,,Y,상호명과 취급품목만으로 업종이나 제공 품목을 확인하기 어려움,True
d0bd7b7ff0b67e3502c9,full_annotation_v1,A,q_세탁_05,드라이클리닝,생활서비스 중 '세탁'을 판매·제공하는 매장,train,세탁,T5 서비스,abd2c5d6-b390-4671-b872-9535dbcbd70e,드라이하우스,,정남진활력의거리 골목형상점가,골목형상점가,,,Y,상호명과 취급품목만으로 업종이나 제공 품목을 확인하기 어려움,True
6229f577033bdbff5938,full_annotation_v1,A,q_세탁_05,드라이클리닝,생활서비스 중 '세탁'을 판매·제공하는 매장,train,세탁,T5 서비스,3914d7dc-2caa-41a4-98b4-b7e8fbab01d5,드라이데이,,경암동 서래장터 골목형상점가,골목형상점가,전북특별자치도,,Y,상호명과 취급품목만으로 업종이나 제공 품목을 확인하기 어려움,True
4c42a3e37b409542f871,full_annotation_v1,A,q_세탁_05,드라이클리닝,생활서비스 중 '세탁'을 판매·제공하는 매장,train,세탁,T5 서비스,84262f8d-badb-4015-9caa-af4af2037b30,드라이데이효자점,,용봉 골목형상점가,골목형상점가,전북특별자치도,,Y,상호명과 취급품목만으로 업종이나 제공 품목을 확인하기 어려움,True
f71350bc186909aff489,full_annotation_v1,A,q_세탁_05,드라이클리닝,생활서비스 중 '세탁'을 판매·제공하는 매장,train,세탁,T5 서비스,7fbdd79e-84ad-4ac6-a3ca-9f95e5a3f1aa,빛나크리닝#,,양산동일신아파트 골목형상점가,골목형상점가,,,Y,상호명과 취급품목만으로 업종이나 제공 품목을 확인하기 어려움,True
5313c15938cd01fd9c7e,full_annotation_v1,A,q_세탁_05,드라이클리닝,생활서비스 중 '세탁'을 판매·제공하는 매장,train,세탁,T5 서비스,641768c5-ae64-4416-bc78-d2f5c73be4ea,효목크리닝,,효목마을 골목형상점가,골목형상점가,대구광역시,,Y,상호명과 취급품목만으로 업종이나 제공 품목을 확인하기 어려움,True
64c6e7614566c4fec31c,full_annotation_v1,A,q_세탁_05,드라이클리닝,생활서비스 중 '세탁'을 판매·제공하는 매장,train,세탁,T5 서비스,a296b939-d1bb-46a6-8242-525222642d23,드라이스노우,,창원 성원그랜드쇼핑상가,전통시장,경상남도,,Y,상호명과 취급품목만으로 업종이나 제공 품목을 확인하기 어려움,True
d0ad43a5b280df6a7eff,full_annotation_v1,A,q_세탁_05,드라이클리닝,생활서비스 중 '세탁'을 판매·제공하는 매장,train,세탁,T5 서비스,af23b888-8379-43fd-a7bc-33d214950628,월드크리닝,,미리산길 골목형상점가,골목형상점가,,,Y,상호명과 취급품목만으로 업종이나 제공 품목을 확인하기 어려움,True
992d0391039f95169eaf,full_annotation_v1,A,q_세탁_05,드라이클리닝,생활서비스 중 '세탁'을 판매·제공하는 매장,train,세탁,T5 서비스,3610ab9e-c91e-4aa3-8106-fc346c9734bb,햄이있엉,,해미읍성전통시장,전통시장,충청남도,,Y,상호명과 취급품목만으로 업종이나 제공 품목을 확인하기 어려움,True
0a1d26eab9ea931c390f,full_annotation_v1,A,q_세탁_05,드라이클리닝,생활서비스 중 '세탁'을 판매·제공하는 매장,train,세탁,T5 서비스,b61e915c-c91d-4a1c-be3c-6f3e2a97870a,드라이빙존 운전면허 광주상무점,,상무중앙로46구역상인회 골목형상점가,골목형상점가,,,Y,상호명과 취급품목만으로 업종이나 제공 품목을 확인하기 어려움,True
119c369d0232dd268034,full_annotation_v1,A,q_세탁_05,드라이클리닝,생활서비스 중 '세탁'을 판매·제공하는 매장,train,세탁,T5 서비스,611577b3-c1bd-499e-bc1f-34694d03126b,해피크리닝,,석세스,골목형상점가,,,Y,상호명과 취급품목만으로 업종이나 제공 품목을 확인하기 어려움,True
e715a8ceded85bd3d05e,full_annotation_v1,A,q_신발_04,신발가게,패션·잡화 중 '신발'을 판매·제공하는 매장,train,신발,T2 동의어,ba9b9a60-f8a9-4b90-9dff-c577b684ac8a,거리가게,,청주육거리종합시장,전통시장,충청북도,,Y,상호명과 취급품목만으로 업종이나 제공 품목을 확인하기 어려움,True
7f540845d4da5130d65e,full_annotation_v1,A,q_신발_04,신발가게,패션·잡화 중 '신발'을 판매·제공하는 매장,train,신발,T2 동의어,4e4f05a6-c4b7-4d5f-8fa1-45be4163e663,우리동네가게,,범리단길 골목형상점가,골목형상점가,부산광역시,,Y,상호명과 취급품목만으로 업종이나 제공 품목을 확인하기 어려움,True
622dc278ee9bf80912b8,full_annotation_v1,A,q_신발_04,신발가게,패션·잡화 중 '신발'을 판매·제공하는 매장,train,신발,T2 동의어,cacafa3e-a69d-42db-8acd-6713cea63db0,구멍가게,,망원시장,전통시장,서울특별시,,Y,상호명과 취급품목만으로 업종이나 제공 품목을 확인하기 어려움,True
d04fe2fb0d064f197036,full_annotation_v1,A,q_신발_04,신발가게,패션·잡화 중 '신발'을 판매·제공하는 매장,train,신발,T2 동의어,fef94ae5-7152-40bc-b8ac-fdfafa365091,맛있는가게,,진주 자유시장,전통시장,경상남도,,Y,상호명과 취급품목만으로 업종이나 제공 품목을 확인하기 어려움,True
5c11ab65334fe9f6e572,full_annotation_v1,A,q_신발_04,신발가게,패션·잡화 중 '신발'을 판매·제공하는 매장,train,신발,T2 동의어,f12eab0f-9520-4105-9084-8a7ca2e7816a,행복한가게,,상도도깨비골목형상점가,골목형상점가,서울특별시,,Y,상호명과 취급품목만으로 업종이나 제공 품목을 확인하기 어려움,True
9ffbb16cc34c87c9faf2,full_annotation_v1,A,q_신발_05,운동화,패션·잡화 중 '신발'을 판매·제공하는 매장,train,신발,T3 개념확장,922aaa5d-d5cf-4bcd-81f6-4d2b538c5c7d,전래동화,,효자동4동 후곡길 골목형상점가,골목형상점가,전북특별자치도,,Y,상호명과 취급품목만으로 업종이나 제공 품목을 확인하기 어려움,True
65c194441fc14e2bfd09,full_annotation_v1,A,q_신발_05,운동화,패션·잡화 중 '신발'을 판매·제공하는 매장,train,신발,T3 개념확장,42c14668-ed76-4c59-960e-b9a676e3bc95,동화,,한뜰누리 골목형상점가,골목형상점가,세종특별자치시,,Y,상호명과 취급품목만으로 업종이나 제공 품목을 확인하기 어려움,True
a14f9ff16c4b0034fb8e,full_annotation_v1,A,q_신발_09,신발추천,패션·잡화 중 '신발'을 판매·제공하는 매장,train,신발,T6 기계변형,e686d29e-e038-4962-bb2f-f83364c93c66,도시애어부,,도마달 골목형상점가,골목형상점가,대전광역시,,Y,상호명과 취급품목만으로 업종이나 제공 품목을 확인하기 어려움,True
a5604fe3b90601ee417f,full_annotation_v1,A,q_신발_10,신방,패션·잡화 중 '신발'을 판매·제공하는 매장,train,신발,T6 기계변형,77d2e308-7d6e-472d-9448-895f432f4030,꼬생방,,장흥중앙로 골목형상점가,골목형상점가,,,Y,상호명과 취급품목만으로 업종이나 제공 품목을 확인하기 어려움,True
6d363c7b9f012457086f,full_annotation_v1,A,q_신발_10,신방,패션·잡화 중 '신발'을 판매·제공하는 매장,train,신발,T6 기계변형,1fb803c2-190b-4328-8c65-f203b9c0f138,목림방,,전주남부시장,전통시장,전북특별자치도,,Y,상호명과 취급품목만으로 업종이나 제공 품목을 확인하기 어려움,True
bc2babbaca54ad5ac589,full_annotation_v1,A,q_신발_10,신방,패션·잡화 중 '신발'을 판매·제공하는 매장,train,신발,T6 기계변형,d83be30a-f8fe-4a69-8094-44017e5d8de5,담가화로구이천안신방점,,쌍용동 충무로1구역 골목형상점가,골목형상점가,충청남도,,Y,상호명과 취급품목만으로 업종이나 제공 품목을 확인하기 어려움,True
456ef0f0d81293f96de4,full_annotation_v1,A,q_신발_10,신방,패션·잡화 중 '신발'을 판매·제공하는 매장,train,신발,T6 기계변형,382c107c-abf3-4b7f-b5db-709e2038daa0,파크랜드신방점,,쌍용동 충무로1구역 골목형상점가,골목형상점가,충청남도,,Y,상호명과 취급품목만으로 업종이나 제공 품목을 확인하기 어려움,True
5079f4833137088ea1c6,full_annotation_v1,A,q_신발_10,신방,패션·잡화 중 '신발'을 판매·제공하는 매장,train,신발,T6 기계변형,1a8f19ad-dc06-4bc5-a9c2-9e62f969b978,튀겨방,,대포항골목형상점가B,골목형상점가,강원특별자치도,,Y,상호명과 취급품목만으로 업종이나 제공 품목을 확인하기 어려움,True
655052aada7aecd4dc50,full_annotation_v1,A,q_신발_10,신방,패션·잡화 중 '신발'을 판매·제공하는 매장,train,신발,T6 기계변형,cc847eff-04f0-441b-8cf8-9db659047013,신라혼수방,,중앙메가프라자,전통시장,대전광역시,,Y,상호명과 취급품목만으로 업종이나 제공 품목을 확인하기 어려움,True
d6ce5a329fcddf1613de,full_annotation_v1,A,q_양식_04,스테이크,음식점 중 '양식'을 판매·제공하는 매장,train,양식,T2 동의어,af32e1d5-610c-4554-b9b1-6ecb5a5fa0f0,스테이베이크,,은행동상점가(구 으능정이상점가),자율상권구역,대전광역시,,Y,상호명과 취급품목만으로 업종이나 제공 품목을 확인하기 어려움,True
21a9ba0ebec6f2c0e105,full_annotation_v1,A,q_양식_04,스테이크,음식점 중 '양식'을 판매·제공하는 매장,train,양식,T2 동의어,2660a5bc-b5a0-4a51-aa4e-11fd0f8ff5b8,스테이,,"온양온천시장(온양재래시장, 전통시장)",전통시장,충청남도,,Y,상호명과 취급품목만으로 업종이나 제공 품목을 확인하기 어려움,True
76d94fec03d2c5828d97,full_annotation_v1,A,q_양식_04,스테이크,음식점 중 '양식'을 판매·제공하는 매장,train,양식,T2 동의어,95b170f1-5fa7-4673-ac82-77646e38270f,파파스(papas),,거제 고현자율상권,,경상남도,,Y,상호명과 취급품목만으로 업종이나 제공 품목을 확인하기 어려움,True
5dcf2cbfd594e4955bc7,full_annotation_v1,A,q_양식_07,브런치 먹을 곳,음식점 중 '양식'을 판매·제공하는 매장,train,양식,T4 구어·문장,875997e0-297c-4d80-abe0-20b5e9472256,씨유전주본점,,삼천용리로 골목형상점가,골목형상점가,전북특별자치도,,Y,상호명과 취급품목만으로 업종이나 제공 품목을 확인하기 어려움,True
2919159b2741fcb17ba2,full_annotation_v1,A,q_양식_09,양싣,음식점 중 '양식'을 판매·제공하는 매장,train,양식,T6 기계변형,21be10db-aae3-49d3-88d9-c54de43b063d,양귀비,,평화시장,전통시장,서울특별시,,Y,상호명과 취급품목만으로 업종이나 제공 품목을 확인하기 어려움,True
3fce204c19f892ae4ad2,full_annotation_v1,A,q_양식_09,양싣,음식점 중 '양식'을 판매·제공하는 매장,train,양식,T6 기계변형,9804fb11-2d09-434d-800b-338451786188,한내냉동,,거제 고현시장,전통시장,경상남도,,Y,상호명과 취급품목만으로 업종이나 제공 품목을 확인하기 어려움,True
4c9fe2a3adadd88e6368,full_annotation_v1,A,q_양식_09,양싣,음식점 중 '양식'을 판매·제공하는 매장,train,양식,T6 기계변형,7103f7e3-a8a9-466d-b155-d3350dfd023d,양림,,펭귄마을 골목형상점가,골목형상점가,,,Y,상호명과 취급품목만으로 업종이나 제공 품목을 확인하기 어려움,True
e338372fee8e857d1ac3,full_annotation_v1,A,q_유아용품_01,애기 이유식 재료,생활·마트 중 '유아용품'을 판매·제공하는 매장,train,유아용품,T4 구어·문장,4cec7aaf-dc96-4ac0-9893-f505ee99ab16,이유엔(EUN),,대방디엠시티 골목형상점가,골목형상점가,전북특별자치도,,Y,상호명과 취급품목만으로 업종이나 제공 품목을 확인하기 어려움,True
fb6622f93028f1c69852,full_annotation_v1,A,q_유아용품_01,애기 이유식 재료,생활·마트 중 '유아용품'을 판매·제공하는 매장,train,유아용품,T4 구어·문장,440cd5d3-343b-4b69-8c43-d74994558164,애기아빠,,서문시장2지구 종합상가,전통시장,대구광역시,,Y,상호명과 취급품목만으로 업종이나 제공 품목을 확인하기 어려움,True
2cc9e7f7a0f497908efb,full_annotation_v1,A,q_의류_01,의류,패션·잡화 중 '의류'를 판매·제공하는 매장,train,의류,T1 정확표기,247e652b-a822-4cbc-8eb7-a8c66e7ecddb,미소가찬,,서남신시장,전통시장,대구광역시,,Y,상호명과 취급품목만으로 업종이나 제공 품목을 확인하기 어려움,True
99ac8554f2b6536323c5,full_annotation_v1,A,q_의류_04,옷 파는 데,패션·잡화 중 '의류'를 판매·제공하는 매장,train,의류,T2 동의어,aba76fc2-984e-4030-ba01-e2e7d78264c7,데 아로즈 대전둔산본점,,갈리단길 골목형상점가,골목형상점가,대전광역시,,Y,상호명과 취급품목만으로 업종이나 제공 품목을 확인하기 어려움,True
7f41fbdba43b39a62f7e,full_annotation_v1,A,q_의류_07,패션,패션·잡화 중 '의류'를 판매·제공하는 매장,train,의류,T2 동의어,fe2e439d-ea19-451c-83b3-090ede4938b4,늘보곳간,,중앙동 문화골목 골목형상점가,골목형상점가,제주특별자치도,,Y,상호명과 취급품목만으로 업종이나 제공 품목을 확인하기 어려움,True
263f0de45ca1f6a1ba50,full_annotation_v1,A,q_의류_10,아이 옷 파는 곳,패션·잡화 중 '의류'를 판매·제공하는 매장,train,의류,T4 구어·문장,cb1862d4-f9d9-4ac8-a3d8-0632e11e8865,골목아이,,호매실역중심상가 골목형상점가,골목형상점가,경기도,,Y,상호명과 취급품목만으로 업종이나 제공 품목을 확인하기 어려움,True
3709b5022cce9d672583,full_annotation_v1,A,q_의류_10,아이 옷 파는 곳,패션·잡화 중 '의류'를 판매·제공하는 매장,train,의류,T4 구어·문장,d4f6af99-d63c-41b4-80e3-b448c5515697,꿈아이,,삼익패션타운,전통시장,서울특별시,,Y,상호명과 취급품목만으로 업종이나 제공 품목을 확인하기 어려움,True
d1a0693e0c03b8c0a2c7,full_annotation_v1,A,q_의류_10,아이 옷 파는 곳,패션·잡화 중 '의류'를 판매·제공하는 매장,train,의류,T4 구어·문장,c8d1f4b4-034e-4e38-a2ac-242d29d2de0f,아이 브로우 유,,관저상가 골목형상점가,골목형상점가,대전광역시,,Y,상호명과 취급품목만으로 업종이나 제공 품목을 확인하기 어려움,True
52c434eaa696caa25608,full_annotation_v1,A,q_의류_10,아이 옷 파는 곳,패션·잡화 중 '의류'를 판매·제공하는 매장,train,의류,T4 구어·문장,aa53e7d5-1ecb-4a64-a2a1-697def97ba14,이시카와 아이,,행리단길 골목형상점가,골목형상점가,경기도,,Y,상호명과 취급품목만으로 업종이나 제공 품목을 확인하기 어려움,True
cec7a6d8b2cfaf675e0d,full_annotation_v1,A,q_의류_11,양복 맞추는 곳,패션·잡화 중 '의류'를 판매·제공하는 매장,train,의류,T4 구어·문장,48ca5b9e-9007-4be8-a3e8-4f8638f55b98,전담몬스터,,"산북,소룡 골목형상점가",골목형상점가,전북특별자치도,,Y,상호명과 취급품목만으로 업종이나 제공 품목을 확인하기 어려움,True
db7eaab8f8003d1c83bc,full_annotation_v1,A,q_의류_12,옷 사는 데,패션·잡화 중 '의류'를 판매·제공하는 매장,train,의류,T4 구어·문장,aba76fc2-984e-4030-ba01-e2e7d78264c7,데 아로즈 대전둔산본점,,갈리단길 골목형상점가,골목형상점가,대전광역시,,Y,상호명과 취급품목만으로 업종이나 제공 품목을 확인하기 어려움,True
1cd4f56409afdcdbb9bb,full_annotation_v1,A,q_의류_14,의류추천,패션·잡화 중 '의류'를 판매·제공하는 매장,train,의류,T6 기계변형,c72ad5e5-3bac-47b9-8014-f1b9367630e1,안녕제천,,제천중앙시장,전통시장,충청북도,,Y,상호명과 취급품목만으로 업종이나 제공 품목을 확인하기 어려움,True
5ca3cc530cec8cd8b17d,full_annotation_v1,A,q_의류_14,의류추천,패션·잡화 중 '의류'를 판매·제공하는 매장,train,의류,T6 기계변형,b9ee9a35-28cd-401d-9329-a23c8ea3f322,위치앤매직,,천안역지하상가,일반지하상점가,충청남도,,Y,상호명과 취급품목만으로 업종이나 제공 품목을 확인하기 어려움,True
3f6e76543d66f69070b9,full_annotation_v1,A,q_의류_14,의류추천,패션·잡화 중 '의류'를 판매·제공하는 매장,train,의류,T6 기계변형,ce37c909-5822-462d-ad83-8c9ae268f293,복호두 수지구청역점,,풍2동 골목형상점가,골목형상점가,경기도,,Y,상호명과 취급품목만으로 업종이나 제공 품목을 확인하기 어려움,True
674925820f3ca616f40c,full_annotation_v1,A,q_의류_14,의류추천,패션·잡화 중 '의류'를 판매·제공하는 매장,train,의류,T6 기계변형,22a94491-853d-4840-b253-418bc12c7e10,산천,,홍도 골목형상점가,골목형상점가,대전광역시,,Y,상호명과 취급품목만으로 업종이나 제공 품목을 확인하기 어려움,True
a234a90c66894db80f1d,full_annotation_v1,A,q_의류_15,의유,패션·잡화 중 '의류'를 판매·제공하는 매장,train,의류,T6 기계변형,0c647d64-c349-4d86-a879-f0bc1187a8d1,은유,,운수대통 골목형상점가,골목형상점가,,,Y,상호명과 취급품목만으로 업종이나 제공 품목을 확인하기 어려움,True
fd31b7801f7bb6f65d17,full_annotation_v1,A,q_의류_15,의유,패션·잡화 중 '의류'를 판매·제공하는 매장,train,의류,T6 기계변형,3517a148-f8ae-4b95-83cb-de0e37fb43f9,쏘유,,남포지하도상가,일반지하상점가,부산광역시,,Y,상호명과 취급품목만으로 업종이나 제공 품목을 확인하기 어려움,True
236df7558076bb1dbe36,full_annotation_v1,A,q_의류_15,의유,패션·잡화 중 '의류'를 판매·제공하는 매장,train,의류,T6 기계변형,0ef4439e-951d-4750-b7c7-20a6efc4286e,광풍제유,,서부아침시장(영월서부시장),전통시장,강원특별자치도,,Y,상호명과 취급품목만으로 업종이나 제공 품목을 확인하기 어려움,True
25d19fc8d672fa966531,full_annotation_v1,A,q_의류_15,의유,패션·잡화 중 '의류'를 판매·제공하는 매장,train,의류,T6 기계변형,af7f1337-f7f8-4181-b5be-df3a14d8015c,르모멍유,,솔내이음골목형상점가,골목형상점가,전북특별자치도,,Y,상호명과 취급품목만으로 업종이나 제공 품목을 확인하기 어려움,True
436047653d9229f090cf,full_annotation_v1,A,q_의류_15,의유,패션·잡화 중 '의류'를 판매·제공하는 매장,train,의류,T6 기계변형,f4571aee-7016-4485-bf54-85ee3e5316db,금호적유,,내상로 골목형상점가,골목형상점가,,,Y,상호명과 취급품목만으로 업종이나 제공 품목을 확인하기 어려움,True
bdc1f55775cc65ddf012,full_annotation_v1,A,q_의류_15,의유,패션·잡화 중 '의류'를 판매·제공하는 매장,train,의류,T6 기계변형,d75a780e-73fd-4279-b6fe-aa4c1ee487f9,도매제유,,동쪽바다중앙시장(구 동해중앙시장),전통시장,강원특별자치도,,Y,상호명과 취급품목만으로 업종이나 제공 품목을 확인하기 어려움,True
e1987ac2b989ba06a63d,full_annotation_v1,A,q_의약품_03,약 사는 곳,건강·의료 중 '의약품'을 판매·제공하는 매장,train,의약품,T2 동의어,61e5fe19-ae56-4c90-a061-35a0f817be5b,미샤아울렛서산점,,서산시장길 골목형상점가,골목형상점가,충청남도,,Y,상호명과 취급품목만으로 업종이나 제공 품목을 확인하기 어려움,True
00fa8a347095335961ad,full_annotation_v1,A,q_의약품_04,의약품 판매점,건강·의료 중 '의약품'을 판매·제공하는 매장,train,의약품,T2 동의어,aafb0ee4-7b07-4d83-babb-dd2926d48d03,지중해 양꼬치,,지중해마을 골목형상점가,골목형상점가,충청남도,,Y,상호명과 취급품목만으로 업종이나 제공 품목을 확인하기 어려움,True
3520fc18a9864ae9e3f2,full_annotation_v1,A,q_의약품_05,조제,건강·의료 중 '의약품'을 판매·제공하는 매장,train,의약품,T2 동의어,d18ebaca-de3e-447c-a0bc-e8c6ac78c461,조몰락,,화성향남2지구상점가,자율상권구역,경기도,,Y,상호명과 취급품목만으로 업종이나 제공 품목을 확인하기 어려움,True
e6a07b0a774e668c3da8,full_annotation_v1,A,q_의약품_05,조제,건강·의료 중 '의약품'을 판매·제공하는 매장,train,의약품,T2 동의어,8f227b40-da78-42ca-9f10-26e20a038bfa,다제,,대흥동 특화거리 상점가,자율상권구역,대전광역시,,Y,상호명과 취급품목만으로 업종이나 제공 품목을 확인하기 어려움,True
4732b9820d219c0f8ed4,full_annotation_v1,A,q_의약품_05,조제,건강·의료 중 '의약품'을 판매·제공하는 매장,train,의약품,T2 동의어,6941be50-cfaf-485a-a629-65bfec29621e,맛제,,산내마을 골목형상점가,골목형상점가,경기도,,Y,상호명과 취급품목만으로 업종이나 제공 품목을 확인하기 어려움,True
fd7e22b51486d09d3c51,full_annotation_v1,A,q_의약품_05,조제,건강·의료 중 '의약품'을 판매·제공하는 매장,train,의약품,T2 동의어,c36649a8-d9bc-4ce9-a9e5-2f9fefdf07bf,오브제,,승달 골목형상점가,골목형상점가,,,Y,상호명과 취급품목만으로 업종이나 제공 품목을 확인하기 어려움,True
b1b176257235b7f9dec0,full_annotation_v1,A,q_의약품_05,조제,건강·의료 중 '의약품'을 판매·제공하는 매장,train,의약품,T2 동의어,b2d8a66b-39f0-45b5-9872-7e419614d624,팔계훈제,,남구로시장,전통시장,서울특별시,,Y,상호명과 취급품목만으로 업종이나 제공 품목을 확인하기 어려움,True
57596a9ad2611c101129,full_annotation_v1,A,q_의약품_05,조제,건강·의료 중 '의약품'을 판매·제공하는 매장,train,의약품,T2 동의어,cf2eec1f-2397-4e6a-b0a5-f38afc66fed0,테제,,학사골목 골목형상점가,골목형상점가,경상북도,,Y,상호명과 취급품목만으로 업종이나 제공 품목을 확인하기 어려움,True
8988a61569c594e2895c,full_annotation_v1,A,q_의약품_05,조제,건강·의료 중 '의약품'을 판매·제공하는 매장,train,의약품,T2 동의어,58d10319-b6cc-4368-8852-e64c942eff86,여제,,마산 창동통합상가,전통시장,경상남도,,Y,상호명과 취급품목만으로 업종이나 제공 품목을 확인하기 어려움,True
db7ede00b99f44caf858,full_annotation_v1,A,q_의약품_05,조제,건강·의료 중 '의약품'을 판매·제공하는 매장,train,의약품,T2 동의어,66f3cd3d-3c59-4406-ad8c-c3998589fbfe,전주수제,,전주한옥마을 골목형상점가,골목형상점가,전북특별자치도,,Y,상호명과 취급품목만으로 업종이나 제공 품목을 확인하기 어려움,True
f7e0524ec53d8fb0b645,full_annotation_v1,A,q_의약품_05,조제,건강·의료 중 '의약품'을 판매·제공하는 매장,train,의약품,T2 동의어,4e08e553-8676-40eb-9ff7-1a30dffa292e,막내구제,,금남지하도상가2공구,일반지하상점가,,,Y,상호명과 취급품목만으로 업종이나 제공 품목을 확인하기 어려움,True
af26d3a04e8a85fe65fd,full_annotation_v1,A,q_의약품_06,처방,건강·의료 중 '의약품'을 판매·제공하는 매장,train,의약품,T2 동의어,1a8f19ad-dc06-4bc5-a9c2-9e62f969b978,튀겨방,,대포항골목형상점가B,골목형상점가,강원특별자치도,,Y,상호명과 취급품목만으로 업종이나 제공 품목을 확인하기 어려움,True
0b87286c9866a5073810,full_annotation_v1,A,q_의약품_06,처방,건강·의료 중 '의약품'을 판매·제공하는 매장,train,의약품,T2 동의어,77d2e308-7d6e-472d-9448-895f432f4030,꼬생방,,장흥중앙로 골목형상점가,골목형상점가,,,Y,상호명과 취급품목만으로 업종이나 제공 품목을 확인하기 어려움,True
fbf1e3f63d0ec29c0bf5,full_annotation_v1,A,q_의약품_06,처방,건강·의료 중 '의약품'을 판매·제공하는 매장,train,의약품,T2 동의어,5e925b60-66e4-4201-860d-2e9e4f2de42a,처음처럼식당,,울산대바보사거리 골목형상점가,골목형상점가,울산광역시,,Y,상호명과 취급품목만으로 업종이나 제공 품목을 확인하기 어려움,True
ec79dab7acf4fd0de349,full_annotation_v1,A,q_의약품_08,약 파는 데,건강·의료 중 '의약품'을 판매·제공하는 매장,train,의약품,T4 구어·문장,aba76fc2-984e-4030-ba01-e2e7d78264c7,데 아로즈 대전둔산본점,,갈리단길 골목형상점가,골목형상점가,대전광역시,,Y,상호명과 취급품목만으로 업종이나 제공 품목을 확인하기 어려움,True
65d6b252044d152bd787,full_annotation_v1,A,q_의약품_08,약 파는 데,건강·의료 중 '의약품'을 판매·제공하는 매장,train,의약품,T4 구어·문장,62f8146c-aa85-4d94-9947-0f19fd052da5,데즐링,,쌍촌명지상인회 골목형상점가,골목형상점가,,,Y,상호명과 취급품목만으로 업종이나 제공 품목을 확인하기 어려움,True
20ef48f135a3cde5ccca,full_annotation_v1,A,q_의약품_08,약 파는 데,건강·의료 중 '의약품'을 판매·제공하는 매장,train,의약품,T4 구어·문장,cb15e2d0-9357-4e06-9f00-880705012933,땅파서 폰파는 집(사직점),,사직거인 골목형상점가,골목형상점가,부산광역시,,Y,상호명과 취급품목만으로 업종이나 제공 품목을 확인하기 어려움,True
3168b77d7b866c268dbc,full_annotation_v1,A,q_의약품_08,약 파는 데,건강·의료 중 '의약품'을 판매·제공하는 매장,train,의약품,T4 구어·문장,8f69b854-2bb1-4c60-9270-208d55b08d3f,예쁜데,,골든타임 골목형상점가,골목형상점가,경기도,,Y,상호명과 취급품목만으로 업종이나 제공 품목을 확인하기 어려움,True
c5f9dfe10a25b0e13a56,full_annotation_v1,A,q_의약품_09,의약푼,건강·의료 중 '의약품'을 판매·제공하는 매장,train,의약품,T6 기계변형,c37d13f8-6045-4586-bfea-743fce4c8dc5,바니스푼,,골든타임 골목형상점가,골목형상점가,경기도,,Y,상호명과 취급품목만으로 업종이나 제공 품목을 확인하기 어려움,True
88d65b10f04c705e9e5b,full_annotation_v1,A,q_의약품_09,의약푼,건강·의료 중 '의약품'을 판매·제공하는 매장,train,의약품,T6 기계변형,40506b1d-43e5-49be-88ae-09d36cf3371a,스푼,,산내마을 골목형상점가,골목형상점가,경기도,,Y,상호명과 취급품목만으로 업종이나 제공 품목을 확인하기 어려움,True
254ed08998d8627b34c5,full_annotation_v1,A,q_의약품_09,의약푼,건강·의료 중 '의약품'을 판매·제공하는 매장,train,의약품,T6 기계변형,fbf2ba97-c460-4b1a-a156-c5ce20a03f24,골드스푼,,천안역지하상가,일반지하상점가,충청남도,,Y,상호명과 취급품목만으로 업종이나 제공 품목을 확인하기 어려움,True
ebd1169fed77566ac943,full_annotation_v1,A,q_잡화_01,모자,패션·잡화 중 '잡화'를 판매·제공하는 매장,train,잡화,T2 동의어,fe48bec4-aa77-4aaa-b0fb-7468c002c38c,세사리빙 봉명점,,유성대로 골목형상점가,골목형상점가,대전광역시,,Y,상호명과 취급품목만으로 업종이나 제공 품목을 확인하기 어려움,True
795827acb9cc6361c513,full_annotation_v1,A,q_잡화_05,잡롸,패션·잡화 중 '잡화'를 판매·제공하는 매장,train,잡화,T6 기계변형,dcc4f578-ec28-4636-a8ce-3c028ad6faa3,잡상인,,산본로데오거리(구 산본중심상가),자율상권구역,경기도,,Y,상호명과 취급품목만으로 업종이나 제공 품목을 확인하기 어려움,True
9250ae162cc3e7bfa574,full_annotation_v1,A,q_정육_01,정육,식료품 중 '정육'을 판매·제공하는 매장,train,정육,T1 정확표기,2d05b2bd-a224-4c63-be7c-c85659b74495,차칸수산,,구월시장,전통시장,인천광역시,,Y,상호명과 취급품목만으로 업종이나 제공 품목을 확인하기 어려움,True
d92cb5b48576452a69d0,full_annotation_v1,A,q_정육_02,정육점,식료품 중 '정육'을 판매·제공하는 매장,train,정육,T1 정확표기,d07b7619-eedc-4b5e-bd34-8c0c263343bb,귀금사,,전주웨딩거리상점가,자율상권구역,전북특별자치도,,Y,상호명과 취급품목만으로 업종이나 제공 품목을 확인하기 어려움,True
c8a7dd8ddd51e43602de,full_annotation_v1,A,q_정육_14,돼지갈비 먹을 곳,식료품 중 '정육'을 판매·제공하는 매장,train,정육,T4 구어·문장,9c6ec727-d67c-486c-9670-3652652a9d11,배스킨라빈스 복수점,,복수동 골목형상점가,골목형상점가,대전광역시,,Y,상호명과 취급품목만으로 업종이나 제공 품목을 확인하기 어려움,True
669f5e12badfa1cefa17,full_annotation_v1,A,q_정육_15,삼겹살 사서 집에서 구워먹기,식료품 중 '정육'을 판매·제공하는 매장,train,정육,T4 구어·문장,784e67cd-d3e2-400a-9604-a30b379a6a57,구워,,모현1가 골목형상점가,골목형상점가,전북특별자치도,,Y,상호명과 취급품목만으로 업종이나 제공 품목을 확인하기 어려움,True
bfad77e3d2076e15ca70,full_annotation_v1,A,q_정육_15,삼겹살 사서 집에서 구워먹기,식료품 중 '정육'을 판매·제공하는 매장,train,정육,T4 구어·문장,4aba5b52-3260-4d2b-8738-5dcd94a7359a,데이위크,,낭주골 골목형상점가,골목형상점가,전북특별자치도,,Y,상호명과 취급품목만으로 업종이나 제공 품목을 확인하기 어려움,True
1a9edf068e29244fa835,full_annotation_v1,A,q_정육_15,삼겹살 사서 집에서 구워먹기,식료품 중 '정육'을 판매·제공하는 매장,train,정육,T4 구어·문장,a2ae4d4e-1a4b-486f-a397-cf7e5009f132,서현,,무주반딧불상권활성화구역,상권활성화구역,전북특별자치도,,Y,상호명과 취급품목만으로 업종이나 제공 품목을 확인하기 어려움,True
d227cf2383a6209af0c9,full_annotation_v1,A,q_정육_16,생고기 사는 데,식료품 중 '정육'을 판매·제공하는 매장,train,정육,T4 구어·문장,98a8eba0-7381-4fb4-82cc-32e1fbd01c9d,붐비나,,속초종합중앙시장,전통시장,강원특별자치도,,Y,상호명과 취급품목만으로 업종이나 제공 품목을 확인하기 어려움,True
70661da7c6c7e7dc1fd8,full_annotation_v1,A,q_정육_19,한우 먹을 수 있는 식당,식료품 중 '정육'을 판매·제공하는 매장,train,정육,T4 구어·문장,e9d6481d-8213-46a8-bd06-310084f0bd3a,수,,파워존 골목형상점가,골목형상점가,대전광역시,,Y,상호명과 취급품목만으로 업종이나 제공 품목을 확인하기 어려움,True
9d6fe132dce6bdedc9a8,full_annotation_v1,A,q_정육_20,한우 정육점,식료품 중 '정육'을 판매·제공하는 매장,train,정육,T4 구어·문장,577d100b-39da-4e56-86ad-a614254fe22d,호주면세직영할인점,,통영 중앙동 강구안 상권활성화 구역,상권활성화구역,경상남도,,Y,상호명과 취급품목만으로 업종이나 제공 품목을 확인하기 어려움,True
595bbbbade7df8393831,full_annotation_v1,A,q_정육_22,정윧,식료품 중 '정육'을 판매·제공하는 매장,train,정육,T6 기계변형,df148e1e-7726-4b11-9691-2d8f376d332c,정가네,,임실시장,전통시장,전북특별자치도,,Y,상호명과 취급품목만으로 업종이나 제공 품목을 확인하기 어려움,True
ada550690817472f4361,full_annotation_v1,A,q_정육_22,정윧,식료품 중 '정육'을 판매·제공하는 매장,train,정육,T6 기계변형,6a57361e-5611-48c8-a92b-28b7134d0a05,정민,,장흥시장 골목형상점가,골목형상점가,,,Y,상호명과 취급품목만으로 업종이나 제공 품목을 확인하기 어려움,True
2ede62dac1fc85c11a46,full_annotation_v1,A,q_정육_22,정윧,식료품 중 '정육'을 판매·제공하는 매장,train,정육,T6 기계변형,deb8b2a6-2d1c-4f7d-bece-6cf021387f2a,정품사,,논산화지중앙시장,전통시장,충청남도,,Y,상호명과 취급품목만으로 업종이나 제공 품목을 확인하기 어려움,True
66d487eead6f545e5e89,full_annotation_v1,A,q_정육_22,정윧,식료품 중 '정육'을 판매·제공하는 매장,train,정육,T6 기계변형,91e98e8e-6b4b-45d6-88a4-f48f6fcf023a,정가네,,뚝섬로윗길 골목형상점가,골목형상점가,서울특별시,,Y,상호명과 취급품목만으로 업종이나 제공 품목을 확인하기 어려움,True
ea6a310a2b354465642c,full_annotation_v1,A,q_정육_22,정윧,식료품 중 '정육'을 판매·제공하는 매장,train,정육,T6 기계변형,a8c8533b-dc65-493f-bf7f-41b46c0709f4,정진,,안산다농마트전통시장,전통시장,경기도,,Y,상호명과 취급품목만으로 업종이나 제공 품목을 확인하기 어려움,True
a167685abfbbf4f6af18,full_annotation_v1,A,q_정육_22,정윧,식료품 중 '정육'을 판매·제공하는 매장,train,정육,T6 기계변형,d10c22c6-caf0-4bf1-8a16-a7e7427de542,정곤,,첨단쌍암 골목형상점가,골목형상점가,,,Y,상호명과 취급품목만으로 업종이나 제공 품목을 확인하기 어려움,True
fa2ee8458f631b14af1f,full_annotation_v1,A,q_정육_22,정윧,식료품 중 '정육'을 판매·제공하는 매장,train,정육,T6 기계변형,c71f1ac8-5e57-4939-b4a8-947149abc613,정담,,예스파크 상점가,자율상권구역,경기도,,Y,상호명과 취급품목만으로 업종이나 제공 품목을 확인하기 어려움,True
193b729918e0e1a7b041,full_annotation_v1,A,q_정육_22,정윧,식료품 중 '정육'을 판매·제공하는 매장,train,정육,T6 기계변형,e5d03a7b-0544-429e-b5b2-592373ee16f6,정애네,,원조낙지골목상점가,자율상권구역,,,Y,상호명과 취급품목만으로 업종이나 제공 품목을 확인하기 어려움,True
a5c0c968b6be5189fa5e,full_annotation_v1,A,q_정육_22,정윧,식료품 중 '정육'을 판매·제공하는 매장,train,정육,T6 기계변형,512cf9b7-4a4c-4325-8eac-7eef9f4b0b81,정돈계,,삼송상점가,자율상권구역,경기도,,Y,상호명과 취급품목만으로 업종이나 제공 품목을 확인하기 어려움,True
2a7c5fc00cfd769fdc56,full_annotation_v1,A,q_주류_03,주점,음식점 중 '주류'를 판매·제공하는 매장,train,주류,T2 동의어,d8dda581-7e60-4e83-a7a4-142a8f7e613a,대패리,,일곡동 골목형상점가,골목형상점가,,,Y,상호명과 취급품목만으로 업종이나 제공 품목을 확인하기 어려움,True
adbe7150a8519ffd023b,full_annotation_v1,A,q_주류_05,술 사는 곳,음식점 중 '주류'를 판매·제공하는 매장,train,주류,T4 구어·문장,4a2ade07-3c7e-4baf-96b6-8a36c1bfe7f8,술시,,여의동2가 골목형상점가,골목형상점가,전북특별자치도,,Y,상호명과 취급품목만으로 업종이나 제공 품목을 확인하기 어려움,True
8ce8b02220e9955d05e2,full_annotation_v1,A,q_주류_05,술 사는 곳,음식점 중 '주류'를 판매·제공하는 매장,train,주류,T4 구어·문장,c0cc81b4-89ec-4a70-b6f7-089de1fd92a8,소소한곳,,양산 물금백호마을 골목형상점가,골목형상점가,경상남도,,Y,상호명과 취급품목만으로 업종이나 제공 품목을 확인하기 어려움,True
6907669e5e7d007be916,full_annotation_v1,A,q_주류_07,주유,음식점 중 '주류'를 판매·제공하는 매장,train,주류,T6 기계변형,90313e48-486e-4adc-a025-3490866104a7,미소찻집,,남해전통시장,전통시장,경상남도,,Y,상호명과 취급품목만으로 업종이나 제공 품목을 확인하기 어려움,True
ed0a24eb4ca04182b328,full_annotation_v1,A,q_철물_01,철물,생활·마트 중 '철물'을 판매·제공하는 매장,train,철물,T1 정확표기,6d5d90dd-49af-47d4-b7ba-3e35a855f435,대한민국피티1팀,,잠실 장미종합상가 골목형상점가,골목형상점가,서울특별시,,Y,상호명과 취급품목만으로 업종이나 제공 품목을 확인하기 어려움,True
b3deba1c6452a283910c,full_annotation_v1,A,q_철물_01,철물,생활·마트 중 '철물'을 판매·제공하는 매장,train,철물,T1 정확표기,a865cb5f-06df-4c23-8d56-c3719285b318,우리탁구클럽,,양산동 골목형상점가,골목형상점가,,,Y,상호명과 취급품목만으로 업종이나 제공 품목을 확인하기 어려움,True
a8722c44404cca68e239,full_annotation_v1,A,q_철물_03,공구점,생활·마트 중 '철물'을 판매·제공하는 매장,train,철물,T2 동의어,d3fba15b-3ab9-4cbf-9cd0-c72f6516c662,달달보드레,,복수동 골목형상점가,골목형상점가,대전광역시,,Y,상호명과 취급품목만으로 업종이나 제공 품목을 확인하기 어려움,True
838c52cb09511fa37ded,full_annotation_v1,A,q_철물_03,공구점,생활·마트 중 '철물'을 판매·제공하는 매장,train,철물,T2 동의어,6ccce905-716a-4ecf-9e5c-b8fe46eca7de,유림선구점,,마산어시장,전통시장,경상남도,,Y,상호명과 취급품목만으로 업종이나 제공 품목을 확인하기 어려움,True
52d381205dc9efe2794a,full_annotation_v1,A,q_철물_05,페인트,생활·마트 중 '철물'을 판매·제공하는 매장,train,철물,T2 동의어,3cc8988e-4b56-4233-bbc3-46b8eb4c83cc,담백한그집,,일우연동시장 골목형상점가,골목형상점가,제주특별자치도,,Y,상호명과 취급품목만으로 업종이나 제공 품목을 확인하기 어려움,True
13dace02bbb7a58d0e40,full_annotation_v1,A,q_철물_06,공구 살 데,생활·마트 중 '철물'을 판매·제공하는 매장,train,철물,T4 구어·문장,cd2ebfdb-157b-477f-a13c-b6e17b1a53a2,루밀레(LUMILE),,봉리단길 맛거리,골목형상점가,대구광역시,,Y,상호명과 취급품목만으로 업종이나 제공 품목을 확인하기 어려움,True
5778366789b8b5850a67,full_annotation_v1,A,q_철물_08,나사 사려면,생활·마트 중 '철물'을 판매·제공하는 매장,train,철물,T4 구어·문장,9b4f4104-09ab-4ed0-ad21-1b0b08f56eda,세흔사,,부산자유시장,전통시장,부산광역시,,Y,상호명과 취급품목만으로 업종이나 제공 품목을 확인하기 어려움,True
a8f8489ea189be3d2eda,full_annotation_v1,A,q_철물_08,나사 사려면,생활·마트 중 '철물'을 판매·제공하는 매장,train,철물,T4 구어·문장,0f9d91d8-855c-440b-918e-00a3a6ad930b,호지면,,하리오션시티 골목형상점가,골목형상점가,부산광역시,,Y,상호명과 취급품목만으로 업종이나 제공 품목을 확인하기 어려움,True
5b343539047bd27986bb,full_annotation_v1,A,q_철물_08,나사 사려면,생활·마트 중 '철물'을 판매·제공하는 매장,train,철물,T4 구어·문장,922abdff-4855-41ac-8c59-f8693abc67ea,진역밀면,,황금수정 골목형상점가,골목형상점가,부산광역시,,Y,상호명과 취급품목만으로 업종이나 제공 품목을 확인하기 어려움,True
8857ab712115b1e596c9,full_annotation_v1,A,q_철물_08,나사 사려면,생활·마트 중 '철물'을 판매·제공하는 매장,train,철물,T4 구어·문장,95864065-40f8-4c37-a797-7b241c95e8b3,사딕,,춘천지하상가,일반지하상점가,강원특별자치도,,Y,상호명과 취급품목만으로 업종이나 제공 품목을 확인하기 어려움,True
1024c361b67469020f76,full_annotation_v1,A,q_철물_08,나사 사려면,생활·마트 중 '철물'을 판매·제공하는 매장,train,철물,T4 구어·문장,2e11939c-c507-4221-9f6e-ddb13ac5f932,맛에들면,,원효 골목형상점가,골목형상점가,서울특별시,,Y,상호명과 취급품목만으로 업종이나 제공 품목을 확인하기 어려움,True
815d7ad2c1997c54c2bd,full_annotation_v1,A,q_철물_08,나사 사려면,생활·마트 중 '철물'을 판매·제공하는 매장,train,철물,T4 구어·문장,70d156dc-de8f-4aec-9e10-672b50574e6c,골덴사,,승달 골목형상점가,골목형상점가,,,Y,상호명과 취급품목만으로 업종이나 제공 품목을 확인하기 어려움,True
07030e5c9d5bfaccb5fd,full_annotation_v1,A,q_철물_08,나사 사려면,생활·마트 중 '철물'을 판매·제공하는 매장,train,철물,T4 구어·문장,b1a58928-fe02-400c-ae17-bd5f5680e9d2,청진동해장국남문점,,수원통닭거리 골목형사점가,골목형상점가,경기도,,Y,상호명과 취급품목만으로 업종이나 제공 품목을 확인하기 어려움,True
9329da490401a9f289af,full_annotation_v1,A,q_철물_10,철뭉,생활·마트 중 '철물'을 판매·제공하는 매장,train,철물,T6 기계변형,a72442f4-764c-4698-9e81-6d33bdc19e56,철뚝집,,고촌수자인 골목형상점가,골목형상점가,경기도,,Y,상호명과 취급품목만으로 업종이나 제공 품목을 확인하기 어려움,True
4e41d902594db50ec186,full_annotation_v1,A,q_치킨_01,치킨,음식점 중 '치킨'을 판매·제공하는 매장,train,치킨,T1 정확표기,597636ba-6d14-4653-b4cc-7046afeef729,보배반점(커낼워크점),,커낼워크상점가,골목형상점가,인천광역시,,Y,상호명과 취급품목만으로 업종이나 제공 품목을 확인하기 어려움,True
45a0d15d093d19fdc4ed,full_annotation_v1,A,q_치킨_04,통닭,음식점 중 '치킨'을 판매·제공하는 매장,train,치킨,T2 동의어,3bb1e773-9442-4620-9c2c-de972841ed17,페리카나서신점,,낭주골 골목형상점가,골목형상점가,전북특별자치도,,Y,상호명과 취급품목만으로 업종이나 제공 품목을 확인하기 어려움,True
6dd9c27949441a0c3dcc,full_annotation_v1,A,q_치킨_04,통닭,음식점 중 '치킨'을 판매·제공하는 매장,train,치킨,T2 동의어,4cfbaf24-23b2-439a-931c-e52852ed5970,성수낙지,,성수역골목형상점가,골목형상점가,서울특별시,,Y,상호명과 취급품목만으로 업종이나 제공 품목을 확인하기 어려움,True
558ea0504b6f63f3097a,full_annotation_v1,A,q_치킨_06,치킨 먹을 곳,음식점 중 '치킨'을 판매·제공하는 매장,train,치킨,T4 구어·문장,90376d82-87fd-4a8d-99b7-9c03ee2815b1,먹을래싸갈래,,사직거인 골목형상점가,골목형상점가,부산광역시,,Y,상호명과 취급품목만으로 업종이나 제공 품목을 확인하기 어려움,True
273ee01aa383cab0e0cc,full_annotation_v1,A,q_치킨_07,치킨 먹을 데,음식점 중 '치킨'을 판매·제공하는 매장,train,치킨,T4 구어·문장,90376d82-87fd-4a8d-99b7-9c03ee2815b1,먹을래싸갈래,,사직거인 골목형상점가,골목형상점가,부산광역시,,Y,상호명과 취급품목만으로 업종이나 제공 품목을 확인하기 어려움,True
888bac6ce417a3477761,full_annotation_v1,A,q_치킨_09,치킴,음식점 중 '치킨'을 판매·제공하는 매장,train,치킨,T6 기계변형,0d62ae99-61d6-41cb-8fe2-c30132e32c94,동호전자,,부산전자종합시장,전통시장,부산광역시,,Y,상호명과 취급품목만으로 업종이나 제공 품목을 확인하기 어려움,True
0e3eb5aba74eb9e4deda,full_annotation_v1,A,q_커피_02,음료,카페·디저트 중 '커피'를 판매·제공하는 매장,train,커피,T2 동의어,596c380b-8519-403c-acbb-c4422e5694ec,바른식품,,여의동2가 골목형상점가,골목형상점가,전북특별자치도,,Y,상호명과 취급품목만으로 업종이나 제공 품목을 확인하기 어려움,True
14241e25417e0fb22a84,full_annotation_v1,A,q_커피_07,디저트,카페·디저트 중 '커피'를 판매·제공하는 매장,train,커피,T3 개념확장,dc4d4b94-6e3b-4d15-837a-ccebf6ca252b,진파트너스,,스타프라자전통시장,전통시장,경기도,,Y,상호명과 취급품목만으로 업종이나 제공 품목을 확인하기 어려움,True
f9b5090a96b9be6322ee,full_annotation_v1,A,q_커피_07,디저트,카페·디저트 중 '커피'를 판매·제공하는 매장,train,커피,T3 개념확장,ba379308-8310-4cad-922e-4083c29bb7ff,베베송,,부천역 지하도로 상가,일반지하상점가,경기도,,Y,상호명과 취급품목만으로 업종이나 제공 품목을 확인하기 어려움,True
52b53aa694cadbe43a00,full_annotation_v1,A,q_커피_08,아메리카노,카페·디저트 중 '커피'를 판매·제공하는 매장,train,커피,T3 개념확장,22e447be-143b-4ae7-ac44-5a725f74e0a3,리노,,순천문화의거리 금꽃예술촌,자율상권구역,,,Y,상호명과 취급품목만으로 업종이나 제공 품목을 확인하기 어려움,True
4a2bc1456f2ff3850578,full_annotation_v1,A,q_커피_08,아메리카노,카페·디저트 중 '커피'를 판매·제공하는 매장,train,커피,T3 개념확장,c2e3b3ed-bde9-468c-8d52-0ce200a00031,메리,,양정 골목형상점가,골목형상점가,울산광역시,,Y,상호명과 취급품목만으로 업종이나 제공 품목을 확인하기 어려움,True
3529e3e9f2eacea5f645,full_annotation_v1,A,q_커피_09,생과일주스 마실 곳,카페·디저트 중 '커피'를 판매·제공하는 매장,train,커피,T4 구어·문장,0f938025-2917-4de2-92fd-d1a7fcc8d4d9,마실,,청마로 골목형상점가,골목형상점가,인천광역시,,Y,상호명과 취급품목만으로 업종이나 제공 품목을 확인하기 어려움,True
02726873350d91bc6cbf,full_annotation_v1,A,q_커피_09,생과일주스 마실 곳,카페·디저트 중 '커피'를 판매·제공하는 매장,train,커피,T4 구어·문장,70653d99-666d-410c-866d-57f33ccb8024,마실,,안성맞춤시장,전통시장,경기도,,Y,상호명과 취급품목만으로 업종이나 제공 품목을 확인하기 어려움,True
da320fe515beb69e0371,full_annotation_v1,A,q_커피_09,생과일주스 마실 곳,카페·디저트 중 '커피'를 판매·제공하는 매장,train,커피,T4 구어·문장,8f8d13f9-a663-4077-bbb2-2d30b533fb58,마실,,동탄그랑파사쥬 상점가,골목형상점가,경기도,,Y,상호명과 취급품목만으로 업종이나 제공 품목을 확인하기 어려움,True
94971bab4c32290abf7e,full_annotation_v1,A,q_커피_09,생과일주스 마실 곳,카페·디저트 중 '커피'를 판매·제공하는 매장,train,커피,T4 구어·문장,bdf3a400-9d49-4612-88b7-75e08b4d8256,댕마실,,노안면 골목형상점가,골목형상점가,,,Y,상호명과 취급품목만으로 업종이나 제공 품목을 확인하기 어려움,True
ece166b64366afabd91f,full_annotation_v1,A,q_커피_11,커피 마실 곳,카페·디저트 중 '커피'를 판매·제공하는 매장,train,커피,T4 구어·문장,3cd0b54a-736a-4e79-8f99-2eb6c063d6a6,투데이이즈유어벌스데이,,천안역지하상가,일반지하상점가,충청남도,,Y,상호명과 취급품목만으로 업종이나 제공 품목을 확인하기 어려움,True
27a7fb65072d4492ddb6,full_annotation_v1,A,q_커피_11,커피 마실 곳,카페·디저트 중 '커피'를 판매·제공하는 매장,train,커피,T4 구어·문장,bdf3a400-9d49-4612-88b7-75e08b4d8256,댕마실,,노안면 골목형상점가,골목형상점가,,,Y,상호명과 취급품목만으로 업종이나 제공 품목을 확인하기 어려움,True
c92d96a452ed40e38587,full_annotation_v1,A,q_커피_11,커피 마실 곳,카페·디저트 중 '커피'를 판매·제공하는 매장,train,커피,T4 구어·문장,0f938025-2917-4de2-92fd-d1a7fcc8d4d9,마실,,청마로 골목형상점가,골목형상점가,인천광역시,,Y,상호명과 취급품목만으로 업종이나 제공 품목을 확인하기 어려움,True
0d22e3b2c95a3a312ef2,full_annotation_v1,A,q_커피_11,커피 마실 곳,카페·디저트 중 '커피'를 판매·제공하는 매장,train,커피,T4 구어·문장,70653d99-666d-410c-866d-57f33ccb8024,마실,,안성맞춤시장,전통시장,경기도,,Y,상호명과 취급품목만으로 업종이나 제공 품목을 확인하기 어려움,True
79add9a2ecfc023e9649,full_annotation_v1,A,q_커피_11,커피 마실 곳,카페·디저트 중 '커피'를 판매·제공하는 매장,train,커피,T4 구어·문장,8f8d13f9-a663-4077-bbb2-2d30b533fb58,마실,,동탄그랑파사쥬 상점가,골목형상점가,경기도,,Y,상호명과 취급품목만으로 업종이나 제공 품목을 확인하기 어려움,True
44bb657f86f619eeb1a6,full_annotation_v1,A,q_커피_13,커피 한잔할 데,카페·디저트 중 '커피'를 판매·제공하는 매장,train,커피,T4 구어·문장,00e6ab18-463e-4301-8e8f-a5a7f06b69bc,한잔더,,쉬고거리제1골목형상점가,골목형상점가,경기도,,Y,상호명과 취급품목만으로 업종이나 제공 품목을 확인하기 어려움,True
2d7574017794c75b7da0,full_annotation_v1,A,q_커피_14,커치,카페·디저트 중 '커피'를 판매·제공하는 매장,train,커피,T6 기계변형,d9ac35a4-f7f7-4c13-a725-e4d0dca61d4f,몰타참치,,도마달 골목형상점가,골목형상점가,대전광역시,,Y,상호명과 취급품목만으로 업종이나 제공 품목을 확인하기 어려움,True
4de4f2f5b04ca50642be,full_annotation_v1,A,q_커피_14,커치,카페·디저트 중 '커피'를 판매·제공하는 매장,train,커피,T6 기계변형,e372f741-d849-4500-a8f5-a666d673a559,윤참치,,성성1번가 골목형상점가,골목형상점가,충청남도,,Y,상호명과 취급품목만으로 업종이나 제공 품목을 확인하기 어려움,True
e7133418a7c44d12abb9,full_annotation_v1,A,q_피자_02,도우,음식점 중 '피자'를 판매·제공하는 매장,train,피자,T2 동의어,5e9b41e2-d795-4b69-af26-2e76bb6a3584,게새우,,도안우미 골목형상점가,골목형상점가,대전광역시,,Y,상호명과 취급품목만으로 업종이나 제공 품목을 확인하기 어려움,True
1a32a4135ebe47a83870,full_annotation_v1,A,q_피자_02,도우,음식점 중 '피자'를 판매·제공하는 매장,train,피자,T2 동의어,a581b870-e4db-43fb-baa5-5fa918bdaadc,불여우,,울산대바보사거리 골목형상점가,골목형상점가,울산광역시,,Y,상호명과 취급품목만으로 업종이나 제공 품목을 확인하기 어려움,True
80ad8fc76156eb7737c8,full_annotation_v1,A,q_피자_07,피바,음식점 중 '피자'를 판매·제공하는 매장,train,피자,T6 기계변형,9130c356-6ac9-4e51-9123-ac77cb2f95f8,알리바바,,난곡골목형상점가,골목형상점가,서울특별시,,Y,상호명과 취급품목만으로 업종이나 제공 품목을 확인하기 어려움,True
5a196ae719a544cc8db9,full_annotation_v1,A,q_피자_07,피바,음식점 중 '피자'를 판매·제공하는 매장,train,피자,T6 기계변형,cdf4a171-47c0-4a55-8589-6d349c828e78,지코바,,풍무동1 골목형상점가,골목형상점가,경기도,,Y,상호명과 취급품목만으로 업종이나 제공 품목을 확인하기 어려움,True
7536c52d706cfdd40795,full_annotation_v1,A,q_피자_07,피바,음식점 중 '피자'를 판매·제공하는 매장,train,피자,T6 기계변형,ef5b307f-dcd2-487d-9ce9-490abc1797f3,둡바,,신당오길골목형상점가,골목형상점가,서울특별시,,Y,상호명과 취급품목만으로 업종이나 제공 품목을 확인하기 어려움,True
f596bf9e556e3fe9ac71,full_annotation_v1,A,q_피자_07,피바,음식점 중 '피자'를 판매·제공하는 매장,train,피자,T6 기계변형,be110b72-95c8-4022-bf83-22edd8d2804d,메종노바,,뚝섬로52길 골목형상점가,골목형상점가,서울특별시,,Y,상호명과 취급품목만으로 업종이나 제공 품목을 확인하기 어려움,True
0bfd32ed66c31a0fd0fc,full_annotation_v1,A,q_피자_07,피바,음식점 중 '피자'를 판매·제공하는 매장,train,피자,T6 기계변형,50fc7127-144e-42bf-99b7-a4f001c31476,피턴진,,서면지하도상가 부전몰,일반지하상점가,부산광역시,,Y,상호명과 취급품목만으로 업종이나 제공 품목을 확인하기 어려움,True
0d37ccf8f2b9988488a3,full_annotation_v1,A,q_피자_07,피바,음식점 중 '피자'를 판매·제공하는 매장,train,피자,T6 기계변형,1452f29c-31f4-4cde-ab50-168fd3714eb2,와룡소바,,와룡로 골목형상점가,골목형상점가,전북특별자치도,,Y,상호명과 취급품목만으로 업종이나 제공 품목을 확인하기 어려움,True
67cd805bc47813f608b5,full_annotation_v1,A,q_피자_07,피바,음식점 중 '피자'를 판매·제공하는 매장,train,피자,T6 기계변형,fb3ea73c-0cd3-40db-9ed4-dea3136875cc,토리바,,솔내이음골목형상점가,골목형상점가,전북특별자치도,,Y,상호명과 취급품목만으로 업종이나 제공 품목을 확인하기 어려움,True
2253953c73c3b9899bc2,full_annotation_v1,A,q_피자_07,피바,음식점 중 '피자'를 판매·제공하는 매장,train,피자,T6 기계변형,8e64db1b-04a4-4286-af22-1511603e3cc2,피놀리,,가평잣고을시장,전통시장,경기도,,Y,상호명과 취급품목만으로 업종이나 제공 품목을 확인하기 어려움,True
5345a6f46952f130f9ed,full_annotation_v1,A,q_피자_07,피바,음식점 중 '피자'를 판매·제공하는 매장,train,피자,T6 기계변형,f0bedc80-d9da-4215-b136-d8ec380949d3,한양소바,,삼사 골목형상점가,골목형상점가,전북특별자치도,,Y,상호명과 취급품목만으로 업종이나 제공 품목을 확인하기 어려움,True
76a65fd2078a7919d05a,full_annotation_v1,A,q_피자_07,피바,음식점 중 '피자'를 판매·제공하는 매장,train,피자,T6 기계변형,5e8a7c92-cce3-4729-86b4-0bd895a6c5df,디비바,,마산 부림지하상가시장,전통시장,경상남도,,Y,상호명과 취급품목만으로 업종이나 제공 품목을 확인하기 어려움,True
58152dd2b8ce34640dc7,full_annotation_v1,A,q_피자_07,피바,음식점 중 '피자'를 판매·제공하는 매장,train,피자,T6 기계변형,ab06811f-24c2-43c6-ac26-37a3685f3eb1,삼동소바,,상무중앙상인회 골목형상점가,골목형상점가,,,Y,상호명과 취급품목만으로 업종이나 제공 품목을 확인하기 어려움,True
a76d9832d782c45313ad,full_annotation_v1,A,q_한식_01,한식,음식점 중 '한식'을 판매·제공하는 매장,train,한식,T1 정확표기,082aea9a-1d4e-4958-8fb4-a58fc8521909,다섯손가락,,영산포 골목형상점가,골목형상점가,,,Y,상호명과 취급품목만으로 업종이나 제공 품목을 확인하기 어려움,True
596f4ccf4c100261384f,full_annotation_v1,A,q_한식_02,국밥,음식점 중 '한식'을 판매·제공하는 매장,train,한식,T2 동의어,6b742ee5-9b1f-4cd7-bf9d-5ede88515fc3,쉬즈,,서문시장2지구 종합상가,전통시장,대구광역시,,Y,상호명과 취급품목만으로 업종이나 제공 품목을 확인하기 어려움,True
4058c51c07424a3087d5,full_annotation_v1,A,q_한식_05,찌개,음식점 중 '한식'을 판매·제공하는 매장,train,한식,T2 동의어,438be9b3-99a4-40c1-96fc-d84ef9ed3a5a,이디야 포천송우리중앙점,,포천솔리단길 골목형상점가,골목형상점가,경기도,,Y,상호명과 취급품목만으로 업종이나 제공 품목을 확인하기 어려움,True
593a1fcef5f28bac351f,full_annotation_v1,A,q_한식_07,김치찌개,음식점 중 '한식'을 판매·제공하는 매장,train,한식,T3 개념확장,d7187268-e3ad-4b17-a489-0943d2c32c52,"마실자전거(구, 영바이크)",,광복마을길 골목형상점가,골목형상점가,광주광역시,,Y,상호명과 취급품목만으로 업종이나 제공 품목을 확인하기 어려움,True
52e52f5710ed8da6abbe,full_annotation_v1,A,q_한식_09,밥 먹을 한식집,음식점 중 '한식'을 판매·제공하는 매장,train,한식,T4 구어·문장,90376d82-87fd-4a8d-99b7-9c03ee2815b1,먹을래싸갈래,,사직거인 골목형상점가,골목형상점가,부산광역시,,Y,상호명과 취급품목만으로 업종이나 제공 품목을 확인하기 어려움,True
680c2cdb515558cc7477,full_annotation_v1,A,q_한식_09,밥 먹을 한식집,음식점 중 '한식'을 판매·제공하는 매장,train,한식,T4 구어·문장,a54422ab-e457-48f6-90bc-bfe7c5e9053d,밥,,천안역지하상가,일반지하상점가,충청남도,,Y,상호명과 취급품목만으로 업종이나 제공 품목을 확인하기 어려움,True
0529c5f59a6b894b01ac,full_annotation_v1,A,q_한식_10,한식 먹을 곳,음식점 중 '한식'을 판매·제공하는 매장,train,한식,T4 구어·문장,90376d82-87fd-4a8d-99b7-9c03ee2815b1,먹을래싸갈래,,사직거인 골목형상점가,골목형상점가,부산광역시,,Y,상호명과 취급품목만으로 업종이나 제공 품목을 확인하기 어려움,True
5bf9e3542b9a0a0f0e53,full_annotation_v1,A,q_한식_11,한식추천,음식점 중 '한식'을 판매·제공하는 매장,train,한식,T6 기계변형,22a94491-853d-4840-b253-418bc12c7e10,산천,,홍도 골목형상점가,골목형상점가,대전광역시,,Y,상호명과 취급품목만으로 업종이나 제공 품목을 확인하기 어려움,True
343991cdaad387e9098d,full_annotation_v1,A,q_한식_11,한식추천,음식점 중 '한식'을 판매·제공하는 매장,train,한식,T6 기계변형,c72ad5e5-3bac-47b9-8014-f1b9367630e1,안녕제천,,제천중앙시장,전통시장,충청북도,,Y,상호명과 취급품목만으로 업종이나 제공 품목을 확인하기 어려움,True
2b1d8da322f069edb447,full_annotation_v1,A,q_화장품_02,뷰티,뷰티·미용 중 '화장품'을 판매·제공하는 매장,train,화장품,T2 동의어,0d88717d-6787-4561-8f8e-028425013c2c,대흥식당,,영산포 골목형상점가,골목형상점가,,,Y,상호명과 취급품목만으로 업종이나 제공 품목을 확인하기 어려움,True
a1d5ecb96f6037169329,full_annotation_v1,A,q_화장품_05,화장품 가게,뷰티·미용 중 '화장품'을 판매·제공하는 매장,train,화장품,T2 동의어,86799dd6-e210-45d4-b7e8-42a5c7f2a86b,종가집,,경산공설시장,전통시장,경상북도,,Y,상호명과 취급품목만으로 업종이나 제공 품목을 확인하기 어려움,True
4032f344e3e1c8e7aa11,full_annotation_v1,A,q_화장품_06,샴푸,뷰티·미용 중 '화장품'을 판매·제공하는 매장,train,화장품,T3 개념확장,36a8e7f9-859a-4789-842e-89a96a5160fa,디푸,,백제대로 골목형상점가,골목형상점가,전북특별자치도,,Y,상호명과 취급품목만으로 업종이나 제공 품목을 확인하기 어려움,True
f1e3f1bf07df14ba186a,full_annotation_v1,A,q_화장품_09,화장푼,뷰티·미용 중 '화장품'을 판매·제공하는 매장,train,화장품,T6 기계변형,40506b1d-43e5-49be-88ae-09d36cf3371a,스푼,,산내마을 골목형상점가,골목형상점가,경기도,,Y,상호명과 취급품목만으로 업종이나 제공 품목을 확인하기 어려움,True
b9153bbfbefef0536ca7,full_annotation_v1,A,q_휴대폰_01,휴대폰,생활서비스 중 '휴대폰'을 판매·제공하는 매장,train,휴대폰,T1 정확표기,2d88bf23-ba76-423b-a4bf-ca27755bea8f,삼성전자 담양대리점,,담양중앙3번가 골목형상점가,골목형상점가,전라남도,,Y,상호명과 취급품목만으로 업종이나 제공 품목을 확인하기 어려움,True
66b740a4d2d6c3657789,full_annotation_v1,A,q_휴대폰_01,휴대폰,생활서비스 중 '휴대폰'을 판매·제공하는 매장,train,휴대폰,T1 정확표기,180da056-fedf-458c-80b0-2f815c5b3c50,엠엘비영주대리점,,영주문화시장,전통시장,경상북도,,Y,상호명과 취급품목만으로 업종이나 제공 품목을 확인하기 어려움,True
0f8ed8ea3c2fdd2a10ab,full_annotation_v1,A,q_휴대폰_02,대리점,생활서비스 중 '휴대폰'을 판매·제공하는 매장,train,휴대폰,T2 동의어,3ccbb926-96f8-422e-afff-c0084f236186,린나이남원대리점,,남원시 원도심 상권활성화 구역,상권활성화구역,전북특별자치도,,Y,상호명과 취급품목만으로 업종이나 제공 품목을 확인하기 어려움,True
d79b52a7ce95fa39605d,full_annotation_v1,A,q_휴대폰_02,대리점,생활서비스 중 '휴대폰'을 판매·제공하는 매장,train,휴대폰,T2 동의어,867b2d00-4455-45ce-955a-fb637d07aacb,유니베라관저대리점,,다모아상가 골목형상점가,골목형상점가,대전광역시,,Y,상호명과 취급품목만으로 업종이나 제공 품목을 확인하기 어려움,True
6365b345d7ba830b4290,full_annotation_v1,A,q_휴대폰_02,대리점,생활서비스 중 '휴대폰'을 판매·제공하는 매장,train,휴대폰,T2 동의어,e8683642-06de-46ca-92cd-968834cac21d,장성삼성대리점,,장성읍 골목형상점가,골목형상점가,전라남도,,Y,상호명과 취급품목만으로 업종이나 제공 품목을 확인하기 어려움,True
d198cbc9b08496060e2a,full_annotation_v1,A,q_휴대폰_02,대리점,생활서비스 중 '휴대폰'을 판매·제공하는 매장,train,휴대폰,T2 동의어,2d88bf23-ba76-423b-a4bf-ca27755bea8f,삼성전자 담양대리점,,담양중앙3번가 골목형상점가,골목형상점가,전라남도,,Y,상호명과 취급품목만으로 업종이나 제공 품목을 확인하기 어려움,True
6765312f6ae4ffd154a9,full_annotation_v1,A,q_휴대폰_02,대리점,생활서비스 중 '휴대폰'을 판매·제공하는 매장,train,휴대폰,T2 동의어,72d18902-cfe1-4810-9d3d-3e8b927eb667,한생키친창원상남대리점,,창원 성원그랜드쇼핑상가,전통시장,경상남도,,Y,상호명과 취급품목만으로 업종이나 제공 품목을 확인하기 어려움,True
e5fd444c15797ea03429,full_annotation_v1,A,q_휴대폰_02,대리점,생활서비스 중 '휴대폰'을 판매·제공하는 매장,train,휴대폰,T2 동의어,e404a09d-fd5f-455f-83e9-3c61866c53de,sk미소대리점,,사리골상점가,자율상권구역,경기도,,Y,상호명과 취급품목만으로 업종이나 제공 품목을 확인하기 어려움,True
9ef82dcda0bac781e793,full_annotation_v1,A,q_휴대폰_02,대리점,생활서비스 중 '휴대폰'을 판매·제공하는 매장,train,휴대폰,T2 동의어,3d8e95e6-1047-4256-a554-e319870df35a,쌍방울 평창대리점,,평창올림픽시장(평창전통시장),전통시장,강원특별자치도,,Y,상호명과 취급품목만으로 업종이나 제공 품목을 확인하기 어려움,True
c3e197b9f22769175d69,full_annotation_v1,A,q_휴대폰_02,대리점,생활서비스 중 '휴대폰'을 판매·제공하는 매장,train,휴대폰,T2 동의어,5f37d6ac-3611-4483-8ce8-10368f04a503,(SK)텔레콤 (OK)대리점 옥포점,,거제 옥빛나 골목형상점가,골목형상점가,경상남도,,Y,상호명과 취급품목만으로 업종이나 제공 품목을 확인하기 어려움,True
4f2701f8f3fc9fb25ab3,full_annotation_v1,A,q_휴대폰_02,대리점,생활서비스 중 '휴대폰'을 판매·제공하는 매장,train,휴대폰,T2 동의어,e49237f1-bb89-47aa-a09e-2398522b8219,유)삼성전자일등대리점,,북항사랑 골목형상점가,골목형상점가,전라남도,,Y,상호명과 취급품목만으로 업종이나 제공 품목을 확인하기 어려움,True
96b3788f4bb08efc57b6,full_annotation_v1,A,q_휴대폰_02,대리점,생활서비스 중 '휴대폰'을 판매·제공하는 매장,train,휴대폰,T2 동의어,180da056-fedf-458c-80b0-2f815c5b3c50,엠엘비영주대리점,,영주문화시장,전통시장,경상북도,,Y,상호명과 취급품목만으로 업종이나 제공 품목을 확인하기 어려움,True
ddfc3da0fffc9c689da7,full_annotation_v1,A,q_휴대폰_02,대리점,생활서비스 중 '휴대폰'을 판매·제공하는 매장,train,휴대폰,T2 동의어,9f67c243-437e-461d-addc-f04a174f084b,트라이엄프안양대리점,,안양중앙지하도상가,일반지하상점가,경기도,,Y,상호명과 취급품목만으로 업종이나 제공 품목을 확인하기 어려움,True
289bc6213154f8d7badc,full_annotation_v1,A,q_휴대폰_02,대리점,생활서비스 중 '휴대폰'을 판매·제공하는 매장,train,휴대폰,T2 동의어,cbfe81b1-c2cd-4063-b4be-aaf6e77818c6,장성SK대리점,,장성읍 골목형상점가,골목형상점가,전라남도,,Y,상호명과 취급품목만으로 업종이나 제공 품목을 확인하기 어려움,True
ab4668b44127e601d39f,full_annotation_v1,A,q_휴대폰_02,대리점,생활서비스 중 '휴대폰'을 판매·제공하는 매장,train,휴대폰,T2 동의어,989e9d46-b147-4beb-ad3c-3d0f5d81f166,한성대리점 최강점,,어양부송 골목형상점가,골목형상점가,전북특별자치도,,Y,상호명과 취급품목만으로 업종이나 제공 품목을 확인하기 어려움,True
d4779f26cbd19e3bdf4d,full_annotation_v1,A,q_휴대폰_02,대리점,생활서비스 중 '휴대폰'을 판매·제공하는 매장,train,휴대폰,T2 동의어,58b56407-ec2f-47c9-9f6c-101f13c39966,송월타월남원대리점,,남원시 원도심 상권활성화 구역,상권활성화구역,전북특별자치도,,Y,상호명과 취급품목만으로 업종이나 제공 품목을 확인하기 어려움,True
f6661bf656e6c36dd533,full_annotation_v1,A,q_휴대폰_03,통신,생활서비스 중 '휴대폰'을 판매·제공하는 매장,train,휴대폰,T2 동의어,2d88bf23-ba76-423b-a4bf-ca27755bea8f,삼성전자 담양대리점,,담양중앙3번가 골목형상점가,골목형상점가,전라남도,,Y,상호명과 취급품목만으로 업종이나 제공 품목을 확인하기 어려움,True
fb50e2a8c7ae9f2e0288,full_annotation_v1,A,q_휴대폰_03,통신,생활서비스 중 '휴대폰'을 판매·제공하는 매장,train,휴대폰,T2 동의어,180da056-fedf-458c-80b0-2f815c5b3c50,엠엘비영주대리점,,영주문화시장,전통시장,경상북도,,Y,상호명과 취급품목만으로 업종이나 제공 품목을 확인하기 어려움,True
520546914f9d75f76cf8,full_annotation_v1,A,q_휴대폰_03,통신,생활서비스 중 '휴대폰'을 판매·제공하는 매장,train,휴대폰,T2 동의어,54a325f6-66f5-42ed-b765-668e980674af,야후통신,,삼호동상가 골목형상점가,골목형상점가,울산광역시,,Y,상호명과 취급품목만으로 업종이나 제공 품목을 확인하기 어려움,True
b86e497afee48d741fa8,full_annotation_v1,A,q_휴대폰_03,통신,생활서비스 중 '휴대폰'을 판매·제공하는 매장,train,휴대폰,T2 동의어,881a64d0-3902-4d59-9b1f-7c5ced30b512,다숨,,신용공원 골목형상점가,골목형상점가,광주광역시,,Y,상호명과 취급품목만으로 업종이나 제공 품목을 확인하기 어려움,True
f023e84d5aa47fdc4900,full_annotation_v1,A,q_휴대폰_03,통신,생활서비스 중 '휴대폰'을 판매·제공하는 매장,train,휴대폰,T2 동의어,50ad4814-8196-4127-beaa-72af855c4a9c,첨단통신,,첨단동행 골목형상점가,골목형상점가,,,Y,상호명과 취급품목만으로 업종이나 제공 품목을 확인하기 어려움,True
613025b56f655f2fb401,full_annotation_v1,A,q_휴대폰_03,통신,생활서비스 중 '휴대폰'을 판매·제공하는 매장,train,휴대폰,T2 동의어,3d7a7b06-599d-4f1d-99f7-28e08fa0e675,장흥통신,,장흥중앙로 골목형상점가,골목형상점가,,,Y,상호명과 취급품목만으로 업종이나 제공 품목을 확인하기 어려움,True
ed1cbede7cfee16ff04c,full_annotation_v1,A,q_휴대폰_03,통신,생활서비스 중 '휴대폰'을 판매·제공하는 매장,train,휴대폰,T2 동의어,a2e0b7ea-3127-4aee-a529-b49b5b4a669c,도담통신,,안양관양시장,전통시장,경기도,,Y,상호명과 취급품목만으로 업종이나 제공 품목을 확인하기 어려움,True
486679d506164c4dfa52,full_annotation_v1,A,q_휴대폰_03,통신,생활서비스 중 '휴대폰'을 판매·제공하는 매장,train,휴대폰,T2 동의어,f56fa722-03d2-4538-b77d-6e0032eae47d,첼시통신,,상록로 골목형상점가,골목형상점가,대구광역시,,Y,상호명과 취급품목만으로 업종이나 제공 품목을 확인하기 어려움,True
c3527a6d41adf02b712f,full_annotation_v1,A,q_휴대폰_03,통신,생활서비스 중 '휴대폰'을 판매·제공하는 매장,train,휴대폰,T2 동의어,04eb8f53-043f-4597-95d5-03f4fd6f78e6,짱통신,,남북로 골목형상점가,골목형상점가,전북특별자치도,,Y,상호명과 취급품목만으로 업종이나 제공 품목을 확인하기 어려움,True
161201af2c33da7fb239,full_annotation_v1,A,q_휴대폰_04,핸드폰 가게,생활서비스 중 '휴대폰'을 판매·제공하는 매장,train,휴대폰,T2 동의어,180da056-fedf-458c-80b0-2f815c5b3c50,엠엘비영주대리점,,영주문화시장,전통시장,경상북도,,Y,상호명과 취급품목만으로 업종이나 제공 품목을 확인하기 어려움,True
0110fd4ca64ce29389a6,full_annotation_v1,A,q_휴대폰_04,핸드폰 가게,생활서비스 중 '휴대폰'을 판매·제공하는 매장,train,휴대폰,T2 동의어,2d88bf23-ba76-423b-a4bf-ca27755bea8f,삼성전자 담양대리점,,담양중앙3번가 골목형상점가,골목형상점가,전라남도,,Y,상호명과 취급품목만으로 업종이나 제공 품목을 확인하기 어려움,True
ef65b4707a3336e20021,full_annotation_v1,A,q_휴대폰_05,핸드폰 살 데,생활서비스 중 '휴대폰'을 판매·제공하는 매장,train,휴대폰,T4 구어·문장,2d88bf23-ba76-423b-a4bf-ca27755bea8f,삼성전자 담양대리점,,담양중앙3번가 골목형상점가,골목형상점가,전라남도,,Y,상호명과 취급품목만으로 업종이나 제공 품목을 확인하기 어려움,True
bd7262e0d1421b5ca525,full_annotation_v1,A,q_휴대폰_05,핸드폰 살 데,생활서비스 중 '휴대폰'을 판매·제공하는 매장,train,휴대폰,T4 구어·문장,180da056-fedf-458c-80b0-2f815c5b3c50,엠엘비영주대리점,,영주문화시장,전통시장,경상북도,,Y,상호명과 취급품목만으로 업종이나 제공 품목을 확인하기 어려움,True
5ee2a524ab270b4ca207,full_annotation_v1,A,q_휴대폰_06,휴대폰 파는 곳,생활서비스 중 '휴대폰'을 판매·제공하는 매장,train,휴대폰,T4 구어·문장,180da056-fedf-458c-80b0-2f815c5b3c50,엠엘비영주대리점,,영주문화시장,전통시장,경상북도,,Y,상호명과 취급품목만으로 업종이나 제공 품목을 확인하기 어려움,True
0e8e02143304b44facf3,full_annotation_v1,A,q_휴대폰_06,휴대폰 파는 곳,생활서비스 중 '휴대폰'을 판매·제공하는 매장,train,휴대폰,T4 구어·문장,2d88bf23-ba76-423b-a4bf-ca27755bea8f,삼성전자 담양대리점,,담양중앙3번가 골목형상점가,골목형상점가,전라남도,,Y,상호명과 취급품목만으로 업종이나 제공 품목을 확인하기 어려움,True
a0cb011bf0cd17e43dec,full_annotation_v1,A,q_휴대폰_06,휴대폰 파는 곳,생활서비스 중 '휴대폰'을 판매·제공하는 매장,train,휴대폰,T4 구어·문장,912ec184-e9a1-43f9-985a-699db396234d,대박정보통신,,오정시장,전통시장,경기도,,Y,상호명과 취급품목만으로 업종이나 제공 품목을 확인하기 어려움,True
91a4799ef3cd0ed1ed93,full_annotation_v1,A,q_휴대폰_07,휴대폰 액정 수리,생활서비스 중 '휴대폰'을 판매·제공하는 매장,train,휴대폰,T5 서비스,180da056-fedf-458c-80b0-2f815c5b3c50,엠엘비영주대리점,,영주문화시장,전통시장,경상북도,,Y,상호명과 취급품목만으로 업종이나 제공 품목을 확인하기 어려움,True
8b2bcf7914dd812fb95a,full_annotation_v1,A,q_휴대폰_07,휴대폰 액정 수리,생활서비스 중 '휴대폰'을 판매·제공하는 매장,train,휴대폰,T5 서비스,2d88bf23-ba76-423b-a4bf-ca27755bea8f,삼성전자 담양대리점,,담양중앙3번가 골목형상점가,골목형상점가,전라남도,,Y,상호명과 취급품목만으로 업종이나 제공 품목을 확인하기 어려움,True
4ca20663ee417972b783,full_annotation_v1,A,q_휴대폰_07,휴대폰 액정 수리,생활서비스 중 '휴대폰'을 판매·제공하는 매장,train,휴대폰,T5 서비스,9eb7ed5d-0805-42e9-9ea0-0546e5cbba8b,환씨푸드,,신중부시장,전통시장,서울특별시,,Y,상호명과 취급품목만으로 업종이나 제공 품목을 확인하기 어려움,True
fff2eea2472988cd66e1,full_annotation_v1,A,q_휴대폰_08,휴대폰추천,생활서비스 중 '휴대폰'을 판매·제공하는 매장,train,휴대폰,T6 기계변형,2d88bf23-ba76-423b-a4bf-ca27755bea8f,삼성전자 담양대리점,,담양중앙3번가 골목형상점가,골목형상점가,전라남도,,Y,상호명과 취급품목만으로 업종이나 제공 품목을 확인하기 어려움,True
c8204ddc60975b6ff27c,full_annotation_v1,A,q_휴대폰_08,휴대폰추천,생활서비스 중 '휴대폰'을 판매·제공하는 매장,train,휴대폰,T6 기계변형,180da056-fedf-458c-80b0-2f815c5b3c50,엠엘비영주대리점,,영주문화시장,전통시장,경상북도,,Y,상호명과 취급품목만으로 업종이나 제공 품목을 확인하기 어려움,True
d5fa5cbc7f4bf6d18c93,full_annotation_v1,A,q_휴대폰_09,휴대폼,생활서비스 중 '휴대폰'을 판매·제공하는 매장,train,휴대폰,T6 기계변형,180da056-fedf-458c-80b0-2f815c5b3c50,엠엘비영주대리점,,영주문화시장,전통시장,경상북도,,Y,상호명과 취급품목만으로 업종이나 제공 품목을 확인하기 어려움,True
47d9b1ea459259934566,full_annotation_v1,A,q_휴대폰_09,휴대폼,생활서비스 중 '휴대폰'을 판매·제공하는 매장,train,휴대폰,T6 기계변형,7b38ed51-e2b0-48e6-9671-0f16331e65ea,폼,,잠실 장미종합상가 골목형상점가,골목형상점가,서울특별시,,Y,상호명과 취급품목만으로 업종이나 제공 품목을 확인하기 어려움,True
1bba1a6d6c71f8b9c0ff,full_annotation_v1,A,q_휴대폰_09,휴대폼,생활서비스 중 '휴대폰'을 판매·제공하는 매장,train,휴대폰,T6 기계변형,2d88bf23-ba76-423b-a4bf-ca27755bea8f,삼성전자 담양대리점,,담양중앙3번가 골목형상점가,골목형상점가,전라남도,,Y,상호명과 취급품목만으로 업종이나 제공 품목을 확인하기 어려움,True
f97981454065cc6ba287,full_annotation_v1,A,q_휴대폰_09,휴대폼,생활서비스 중 '휴대폰'을 판매·제공하는 매장,train,휴대폰,T6 기계변형,d5a6ddbd-7b35-4e11-8df7-a09ee6c58e90,휴(休),,용마루길 골목형상점가,골목형상점가,서울특별시,,Y,상호명과 취급품목만으로 업종이나 제공 품목을 확인하기 어려움,True
