judgment_id,split,query_family,query_type,query_id,query,intent_definition,doc_id,store_name,item_text,market_name,market_type,source_region,relevance_A,relevance_B,uncertain_A,uncertain_B,adjudication_priority,needs_adjudication,final_relevance,assistant_suggested_relevance,assistant_rationale,human_adjudication_note,exclude_from_gold
b240181f31554306d6ee,test,수선,T5 서비스,q_수선_01,바지 기장 줄이는 곳,생활서비스 중 '수선'을 판매·제공하는 매장,014602ec-34d6-41db-98d1-f7941ce5c2da,밝은 세탁,수선,노대물빛근린공원 골목형상점가,골목형상점가,광주광역시,3,1,,,P1_BINARY_THRESHOLD,True,,3,"item_text '수선' 명시. 세탁소지만 수선을 함께 함 — 합의 '아브라함세탁수선/세탁, 수선'=3과 같은 기준.",,
5e404e3273e425463d46,test,수선,T5 서비스,q_수선_01,바지 기장 줄이는 곳,생활서비스 중 '수선'을 판매·제공하는 매장,0a4ab3f2-c8fd-4f62-ac24-72d3117c6c01,와이드앵글 안산한대점,의복,안산패션타운전통시장,전통시장,경기도,3,0,,,P1_BINARY_THRESHOLD,True,,0,일반 의류 판매점(아웃도어 브랜드 '의복'). 같은 라운드 합의 '깔롱쟁이·준어패럴/의복'=0과 같은 기준. 이전 라운드에서 item이 '바지'로 명시된 의류점은 1이었으나 여기는 일반 '의복'.,,
b6e41dcfe11aef8f1976,test,수선,T5 서비스,q_수선_01,바지 기장 줄이는 곳,생활서비스 중 '수선'을 판매·제공하는 매장,14154d5b-eb99-4044-ada9-c244de1b0ea4,보금자리,수선,강릉중앙시장,전통시장,강원특별자치도,2,1,,,P1_BINARY_THRESHOLD,True,,2,item_text '수선' 명시이나 상호('보금자리')로는 의류 수선점인지 불분명 — 합의 '지수네 수선'=3과 '광명디자인/수선'=1 사이. binary relevant로 보되 3은 보류. [판단 필요],,
7cb783fe3ebc02f12721,test,수선,T5 서비스,q_수선_01,바지 기장 줄이는 곳,생활서비스 중 '수선'을 판매·제공하는 매장,0b8a5d29-fbc4-48a7-b409-618c5729a8f6,못난이수선,수선,역전지하상가,일반지하상점가,대전광역시,3,1,,,P1_BINARY_THRESHOLD,True,,3,상호·item 모두 수선점('못난이수선'/'수선') — 합의 '정희옷수선/수선'=3과 같은 기준.,,
7c14f03d7bc0255ca277,test,수선,T5 서비스,q_수선_01,바지 기장 줄이는 곳,생활서비스 중 '수선'을 판매·제공하는 매장,00c164d0-76c7-4e7a-9676-ecfdbb052077,크린토피아신창점,세탁,신창수문 골목형상점가,골목형상점가,광주광역시,0,1,,,P2_GRADED_ONLY,True,,1,"세탁업 — 수선 언급 없음. 같은 라운드 합의 '슈퍼타이 본점/세탁'=1과 같은 기준(관련은 있으나 바지 기장 수선 검색 성공으로 보기 어려움, 원칙 1·5).",,
8d7890891c7a07986451,test,수선,T5 서비스,q_수선_01,바지 기장 줄이는 곳,생활서비스 중 '수선'을 판매·제공하는 매장,07c7bbfa-f618-4749-b50f-d0d4470bde0e,닥터백,가방수선,송도 타임스페이스 골목형상점가,골목형상점가,인천광역시,0,1,,,P2_GRADED_ONLY,True,,1,가방 수선 전문 — 수선 서비스이나 대상이 가방이라 바지 기장 수선 의도와 인접할 뿐(주제 연관 1).,,
69d2c979d2e0d3ea174b,test,수선,T5 서비스,q_수선_01,바지 기장 줄이는 곳,생활서비스 중 '수선'을 판매·제공하는 매장,065818da-a7dd-48ea-8b1f-6be5ef379330,크린토피아,세탁,강산상가대박 골목형상점가,골목형상점가,대구광역시,0,1,,,P2_GRADED_ONLY,True,,1,"세탁업 — 수선 언급 없음. 같은 라운드 합의 '슈퍼타이 본점/세탁'=1과 같은 기준(관련은 있으나 바지 기장 수선 검색 성공으로 보기 어려움, 원칙 1·5). 실제 프랜차이즈가 수선을 할 수도 있으나 item에 없으므로 가정하지 않음(원칙 1).",,
5c726ee395721f845f96,test,수선,T5 서비스,q_수선_01,바지 기장 줄이는 곳,생활서비스 중 '수선'을 판매·제공하는 매장,064e6c32-12df-4ccf-a57f-b2cf3ddf78a0,세광컴퓨터 세탁,"세탁, 맞춤, 점포",억지춘향시장(구 봉화춘향시장),전통시장,경상북도,0,1,,,P2_GRADED_ONLY,True,,1,세탁소. item의 '맞춤'이 맞춤 양복(테일러링)이면 기장 수선 가능성이 있어 2도 가능 — 근거가 약해 1 제안. [판단 필요],,
77bb5c1265fd45e4aaca,test,수선,T5 서비스,q_수선_01,바지 기장 줄이는 곳,생활서비스 중 '수선'을 판매·제공하는 매장,05ff04e7-b24b-45bb-afe5-cc682fa9bbdd,샘머리세탁소,세탁,샘머리 골목형상점가,골목형상점가,대전광역시,0,1,,,P2_GRADED_ONLY,True,,1,"세탁업 — 수선 언급 없음. 같은 라운드 합의 '슈퍼타이 본점/세탁'=1과 같은 기준(관련은 있으나 바지 기장 수선 검색 성공으로 보기 어려움, 원칙 1·5).",,
f3b9a3a023a93ba9415d,test,수선,T5 서비스,q_수선_01,바지 기장 줄이는 곳,생활서비스 중 '수선'을 판매·제공하는 매장,019c9868-92c6-4e25-b2ea-903f322c9acf,맡겨봐신발세탁,세탁,임동 골목형상점가,골목형상점가,광주광역시,0,1,,,P2_GRADED_ONLY,True,,0,신발 세탁 전문(상호 '맡겨봐신발세탁') — 의류가 아니라 신발 대상이라 바지 기장 수선과 무관. 다른 세탁소(1)와 구분. [판단 필요: 세탁소 일반 기준(1)을 적용할지],,
5832e9c0be1928edf29e,test,수선,T5 서비스,q_수선_01,바지 기장 줄이는 곳,생활서비스 중 '수선'을 판매·제공하는 매장,053dde67-ebdc-40c5-81d1-cc6c4ea3e621,백조세탁소,서비스(세탁),군포당동로시장상점가,골목형상점가,경기도,0,1,,,P2_GRADED_ONLY,True,,1,"세탁업 — 수선 언급 없음. 같은 라운드 합의 '슈퍼타이 본점/세탁'=1과 같은 기준(관련은 있으나 바지 기장 수선 검색 성공으로 보기 어려움, 원칙 1·5).",,
8eb9b1739c5bb1a1456a,test,수선,T5 서비스,q_수선_01,바지 기장 줄이는 곳,생활서비스 중 '수선'을 판매·제공하는 매장,033fc658-a256-42a6-8ebf-24763bc43ba1,신광컴퓨터세탁소,세탁소,대야 골목형상점가,골목형상점가,전북특별자치도,0,1,,,P2_GRADED_ONLY,True,,1,"세탁업 — 수선 언급 없음. 같은 라운드 합의 '슈퍼타이 본점/세탁'=1과 같은 기준(관련은 있으나 바지 기장 수선 검색 성공으로 보기 어려움, 원칙 1·5).",,
92031394d1055eac5047,test,수선,T5 서비스,q_수선_01,바지 기장 줄이는 곳,생활서비스 중 '수선'을 판매·제공하는 매장,04b72003-9f02-4f69-8c8a-b8610de9c50f,로제비앙크리닝,세탁업,무등산그린웰로제비앙 골목형상점가,골목형상점가,광주광역시,0,1,,,P2_GRADED_ONLY,True,,1,"세탁업 — 수선 언급 없음. 같은 라운드 합의 '슈퍼타이 본점/세탁'=1과 같은 기준(관련은 있으나 바지 기장 수선 검색 성공으로 보기 어려움, 원칙 1·5).",,
c7458a01542f568b19f4,test,수선,T5 서비스,q_수선_01,바지 기장 줄이는 곳,생활서비스 중 '수선'을 판매·제공하는 매장,00083664-fb4e-4e3b-bb0a-d9a0a1e8f87f,롯데세탁소,,와룡로 골목형상점가,골목형상점가,전북특별자치도,0,1,,,P2_GRADED_ONLY,True,,1,"item_text 없음, 상호로 세탁소 — 세탁업 — 수선 언급 없음. 같은 라운드 합의 '슈퍼타이 본점/세탁'=1과 같은 기준(관련은 있으나 바지 기장 수선 검색 성공으로 보기 어려움, 원칙 1·5).",,
e23c0d8af1d16488b8b8,test,수선,T5 서비스,q_수선_01,바지 기장 줄이는 곳,생활서비스 중 '수선'을 판매·제공하는 매장,00fc2b18-ffa0-45b1-b03a-af61257944a9,충일구두수선,구두수선,충주무학시장,전통시장,충청북도,0,1,,,P2_GRADED_ONLY,True,,1,구두 수선 — 수선 서비스이나 대상이 신발이라 인접(주제 연관 1). 이전 라운드 신발 family에서 '구두수선'은 boundary 용어.,,
e07010f208d1ab896a53,test,수선,T5 서비스,q_수선_01,바지 기장 줄이는 곳,생활서비스 중 '수선'을 판매·제공하는 매장,00128db8-b700-42b3-be50-1760b6c08487,자이세탁,의류세탁,신봉하나로 골목형상점가,골목형상점가,경기도,0,1,,,P2_GRADED_ONLY,True,,1,"의류 세탁 — 세탁업 — 수선 언급 없음. 같은 라운드 합의 '슈퍼타이 본점/세탁'=1과 같은 기준(관련은 있으나 바지 기장 수선 검색 성공으로 보기 어려움, 원칙 1·5).",,
04de615239fa1c5782b6,test,수선,T5 서비스,q_수선_01,바지 기장 줄이는 곳,생활서비스 중 '수선'을 판매·제공하는 매장,0d1dab07-5f1d-4483-afb9-3f251c739f4d,리본리폼하우스,,잠실 장미종합상가 골목형상점가,골목형상점가,서울특별시,3,2,,,P2_GRADED_ONLY,True,,2,"item_text 없음, 상호 '리폼하우스'로 의류 리폼·수선점 추정 — 합의 '이엠오 리폼하우스/리폼, 수선'=3, '명품모피수선/옷리폼'=2. item 근거가 없어 2.",,
6173787d874c36120d26,test,수선,T5 서비스,q_수선_01,바지 기장 줄이는 곳,생활서비스 중 '수선'을 판매·제공하는 매장,007c84b4-7b91-431f-9cf2-61f2ac4a13b4,빛나크리닝,세탁업,삼각동 골목형상점가,골목형상점가,광주광역시,0,1,,,P2_GRADED_ONLY,True,,1,"세탁업 — 수선 언급 없음. 같은 라운드 합의 '슈퍼타이 본점/세탁'=1과 같은 기준(관련은 있으나 바지 기장 수선 검색 성공으로 보기 어려움, 원칙 1·5).",,
0316edcae020ca3e7513,test,수선,T5 서비스,q_수선_01,바지 기장 줄이는 곳,생활서비스 중 '수선'을 판매·제공하는 매장,e26ccf7b-8ce8-461d-aa2a-311532c2ffe3,작은공간,"수선, 리폼판매",원마루시장,전통시장,충청북도,2,3,,,P2_GRADED_ONLY,True,,3,"item_text 첫 항목이 '수선'(+리폼 판매) — 수선을 직접 제공. 합의 '뜨꼬바꼬/의류수선, 리폼'=3과 같은 기준.",,
4bb44ff055d2143c8682,test,수선,T5 서비스,q_수선_01,바지 기장 줄이는 곳,생활서비스 중 '수선'을 판매·제공하는 매장,08f58836-6f38-4955-b9ef-68c139043fc1,구제천국,의복,창녕 남지시장,전통시장,경상남도,1,0,,,P2_GRADED_ONLY,True,,0,구제 의류 판매점('의복') — 합의 '깔롱쟁이·준어패럴/의복'=0과 같은 기준.,,
3d15b192a65dbf9a83c2,test,수선,T5 서비스,q_수선_01,바지 기장 줄이는 곳,생활서비스 중 '수선'을 판매·제공하는 매장,05f91c51-7ac1-4010-a54e-a461a3b4bb4c,크린토피아 병점중앙점,가저용 세탁업,병점중심상가,자율상권구역,경기도,0,1,,,P2_GRADED_ONLY,True,,1,"세탁업 — 수선 언급 없음. 같은 라운드 합의 '슈퍼타이 본점/세탁'=1과 같은 기준(관련은 있으나 바지 기장 수선 검색 성공으로 보기 어려움, 원칙 1·5).",,
fcb63afec61d1b43acb7,test,수선,T5 서비스,q_수선_01,바지 기장 줄이는 곳,생활서비스 중 '수선'을 판매·제공하는 매장,02f08ad0-fa28-4bbc-9aa2-34b2419cc84a,내방모피세탁소,의류세탁서비스,늘해랑상인회 골목형상점가,골목형상점가,광주광역시,0,1,,,P2_GRADED_ONLY,True,,1,"모피·의류 세탁 서비스 — 세탁업 — 수선 언급 없음. 같은 라운드 합의 '슈퍼타이 본점/세탁'=1과 같은 기준(관련은 있으나 바지 기장 수선 검색 성공으로 보기 어려움, 원칙 1·5).",,
